age,income,loan_amount,credit_score,employment_years,existing_debt,num_credit_lines,default
59,26310.69,17154.96,698.0,4.3,485.54,8,0
49,33853.34,7484.15,526.0,2.4,2167.63,2,0
35,46357.53,11603.03,614.0,1.8,14919.03,14,0
63,86292.39,29584.97,600.0,9.7,4275.49,13,0
28,50064.99,18994.9,715.0,7.0,12770.93,7,0
41,45628.62,12282.28,526.0,2.1,1319.68,11,0
59,21530.3,18524.86,659.0,2.9,6340.4,5,1
39,41866.3,17141.31,463.0,5.9,12445.19,9,0
43,30341.27,8284.48,680.0,8.3,2925.66,7,0
31,34936.4,12049.53,660.0,5.8,14136.36,1,0
31,57399.01,33036.29,609.0,3.9,5838.29,1,0
44,46976.72,18136.02,764.0,15.4,8720.55,6,0
56,88989.89,2447.66,440.0,7.4,1984.02,9,0
60,76560.07,19081.68,649.0,0.6,3377.83,1,0
44,42822.32,25424.71,746.0,4.1,2935.15,3,0
23,36663.64,7764.97,660.0,2.6,4346.16,13,0
42,82652.84,11345.26,759.0,7.9,17277.22,5,0
22,88200.85,26630.17,614.0,0.2,14724.74,4,0
44,15000.0,15279.3,637.0,2.6,10710.8,1,1
64,56857.15,13856.97,749.0,1.9,4048.29,10,0
50,49962.43,4311.54,722.0,0.8,2947.53,4,0
58,67982.4,23564.53,842.0,2.4,2182.31,4,0
22,93853.36,13492.25,658.0,5.6,6177.0,11,0
41,45318.86,1000.0,666.0,2.2,9680.78,12,0
53,15000.0,2418.9,613.0,4.3,11685.63,10,0
32,66580.15,10507.36,634.0,4.5,8086.45,13,0
42,82799.28,6417.26,736.0,4.4,11392.69,4,0
64,48924.8,7672.31,650.0,3.8,13615.71,3,0
45,40899.25,33757.36,585.0,0.6,5769.46,7,1
47,46254.81,20660.18,620.0,1.2,14590.28,1,0
62,72004.11,1000.0,643.0,8.0,2097.6,2,0
48,45910.78,12485.42,591.0,3.5,11518.29,1,0
36,61575.21,14284.05,613.0,6.1,8191.78,14,0
35,55556.06,3184.53,570.0,4.2,9051.8,4,0
64,53492.41,19275.09,616.0,0.2,5793.19,5,1
23,69025.85,1000.0,743.0,8.0,15483.93,11,0
57,45428.4,23775.58,654.0,0.3,4374.58,10,0
27,46388.27,26532.24,847.0,14.3,16324.75,5,0
41,70952.06,33820.68,589.0,1.2,16364.19,2,0
29,35261.49,2405.37,689.0,3.6,10706.67,11,0
59,37395.6,4032.82,668.0,0.3,6122.98,3,0
38,29793.71,20541.38,702.0,11.3,2973.36,4,0
24,71980.22,24461.44,602.0,19.5,0.0,10,0
45,52895.26,21471.62,621.0,0.8,11239.27,6,0
34,28727.7,23637.74,683.0,1.8,1331.03,6,0
29,72076.17,26014.62,610.0,0.1,2171.1,12,1
46,43889.16,16618.0,508.0,7.7,11306.05,2,0
22,37566.44,13299.6,755.0,1.9,5420.69,2,0
40,51086.43,4054.58,721.0,4.4,9305.6,9,0
48,84574.47,12615.16,617.0,0.2,10763.5,12,0
27,47100.76,13840.89,667.0,6.3,17628.2,2,0
64,66506.78,7402.52,731.0,3.8,9191.44,2,0
28,69541.6,14694.21,758.0,6.5,4702.31,3,0
55,63865.47,6500.97,658.0,7.8,7549.53,9,0
34,80421.43,23906.66,603.0,0.5,4532.79,14,0
37,40857.68,18406.6,767.0,4.3,19278.53,6,0
56,34133.3,11323.17,658.0,5.2,10233.4,11,0
60,33740.67,16510.72,638.0,3.6,11508.01,12,0
24,52110.63,6159.28,671.0,1.0,16115.01,6,0
22,36059.07,6970.46,742.0,7.9,2914.1,12,0
26,57950.82,9929.16,647.0,29.9,0.0,10,0
62,56539.77,13464.58,729.0,17.4,7863.56,5,0
24,75371.47,16129.61,633.0,7.5,0.0,7,0
49,60822.89,16161.25,699.0,2.7,5533.37,11,0
38,46676.96,4449.78,574.0,2.1,0.0,4,0
46,63216.98,14354.17,736.0,0.4,0.0,10,0
64,34396.12,8455.56,596.0,2.7,15337.58,10,0
54,54237.19,1000.0,687.0,0.8,10427.82,3,0
30,61388.02,39604.68,531.0,1.5,18785.91,7,0
56,57586.35,8610.79,652.0,11.1,7813.17,14,0
34,63301.3,9054.78,665.0,17.3,7582.81,10,0
51,42119.08,4228.51,595.0,14.8,9292.85,1,0
35,78040.63,6540.06,641.0,1.1,29532.09,6,0
28,91443.38,13490.62,671.0,11.6,14315.63,13,0
34,22946.48,25814.51,695.0,0.8,2956.37,11,0
43,30688.04,13445.21,658.0,3.5,10444.05,11,0
60,55861.66,12411.5,757.0,5.2,8915.39,11,0
41,49868.98,24602.19,743.0,3.1,12325.43,2,0
36,92928.25,10804.83,648.0,15.2,19239.32,2,0
38,59395.69,15169.2,544.0,2.0,11526.65,11,0
44,82850.91,7627.44,611.0,3.7,5775.44,8,0
46,15000.0,28481.07,472.0,0.4,19186.09,3,1
45,71283.39,23388.08,635.0,9.6,164.76,9,0
61,40689.66,13776.1,762.0,2.7,6373.04,4,0
49,40369.15,11804.45,713.0,6.0,13408.75,14,0
35,50032.84,14745.28,657.0,5.7,3256.98,6,0
21,26508.33,13892.94,592.0,5.6,7689.35,1,0
45,63855.71,2625.44,660.0,3.5,3792.06,11,0
27,58814.3,23661.34,820.0,1.6,7769.96,10,0
29,60323.84,13182.9,769.0,4.9,3802.41,10,0
44,72740.62,30186.72,638.0,16.3,8474.27,3,0
21,85295.64,18374.53,531.0,9.0,6022.26,4,0
64,47725.78,1000.0,827.0,0.6,15963.45,5,0
28,64547.01,4747.01,592.0,0.1,10313.0,13,0
44,60859.76,1000.0,692.0,3.5,12428.78,1,0
31,62552.29,4647.62,525.0,7.5,8865.86,14,0
37,62851.95,1931.19,624.0,1.9,5393.47,4,0
28,86810.07,17020.54,525.0,6.0,10008.8,5,0
55,45806.46,12471.32,557.0,13.4,9216.76,4,0
55,24485.28,20924.32,576.0,3.1,0.0,10,1
53,41042.52,14695.2,688.0,1.4,8201.32,10,0
25,70145.34,13077.53,642.0,12.5,12031.77,7,0
62,55466.59,31025.66,850.0,3.2,3703.41,8,0
59,45648.01,16782.58,741.0,2.6,13205.12,12,0
61,33470.05,14355.91,742.0,2.2,10133.55,8,0
48,59425.72,8172.47,690.0,2.7,5619.31,3,0
27,67890.13,5592.69,672.0,5.6,11251.42,13,0
29,61117.44,21164.01,745.0,2.8,5788.45,5,0
28,49933.39,20685.57,460.0,2.0,9660.79,10,0
32,57932.83,27572.63,600.0,6.8,6440.47,8,0
54,57816.86,18831.29,541.0,1.1,11294.03,7,0
53,58793.94,11855.18,499.0,1.1,16080.95,14,0
43,31313.9,19088.08,589.0,6.0,5383.29,9,0
44,58946.53,14357.6,558.0,10.1,13413.36,13,0
57,46188.07,21923.08,746.0,1.4,6206.23,10,1
55,75812.37,25674.65,657.0,1.1,6253.26,7,0
64,57658.37,13651.55,489.0,5.5,5628.41,2,0
60,71709.58,29058.48,675.0,4.8,0.0,4,0
42,48964.37,24506.78,569.0,3.0,11002.14,12,0
47,49685.72,15141.47,655.0,0.5,9704.28,14,0
55,84885.02,20365.95,681.0,0.5,8977.7,12,0
21,63726.7,17443.98,590.0,7.5,17327.12,8,0
55,40709.71,15175.95,667.0,3.0,17987.73,9,0
57,72939.49,30305.16,682.0,9.8,15847.69,7,0
34,44333.91,19140.84,637.0,4.3,6588.03,5,0
23,59513.96,8272.25,592.0,4.8,6283.69,1,0
21,91733.49,6776.24,650.0,13.6,1891.06,9,0
25,26374.35,7103.22,639.0,0.9,8371.02,12,0
46,51484.36,18916.04,675.0,3.9,8049.52,6,0
34,63165.43,12267.89,629.0,0.3,11230.67,2,0
59,70293.97,17666.35,555.0,2.2,1586.92,11,0
47,30175.32,22491.17,636.0,0.8,5754.43,10,0
29,24284.19,31229.71,676.0,1.0,0.0,10,1
35,76814.99,12452.21,665.0,13.7,3703.77,2,0
35,40591.7,3731.6,641.0,4.7,13355.81,10,0
46,39754.35,29339.22,611.0,11.1,1391.45,1,0
62,86004.99,3343.19,607.0,2.9,18463.87,12,0
33,56394.05,3028.57,615.0,4.6,14053.41,4,0
52,56524.76,29131.6,736.0,0.2,11007.45,10,0
59,51404.01,23529.85,574.0,3.2,16001.22,11,0
52,30520.36,18878.72,657.0,4.2,7273.8,13,0
24,68513.94,14600.63,549.0,0.1,3574.85,2,0
50,63189.01,13086.37,711.0,7.8,7424.35,10,0
57,58373.83,9793.39,607.0,1.8,0.0,11,0
43,52673.54,12735.65,584.0,3.0,15144.43,9,0
59,49153.61,14620.68,667.0,3.8,5906.67,2,0
35,73249.67,4004.4,453.0,24.3,3468.76,11,0
63,52174.14,8438.17,546.0,0.5,4162.73,9,0
49,53718.78,1000.0,679.0,4.1,8099.46,1,0
56,65597.86,15623.42,731.0,3.8,8717.74,14,0
33,59159.22,15624.81,686.0,0.4,7123.38,7,0
52,87845.52,29228.12,661.0,5.0,7096.7,6,0
27,19772.66,18004.44,843.0,1.7,11298.56,6,0
42,60998.15,10551.66,689.0,0.5,1407.95,2,0
48,40887.88,13397.16,566.0,1.0,9351.15,1,0
22,36158.27,18894.58,732.0,8.7,6092.82,10,0
62,45858.72,16820.9,599.0,0.5,0.0,8,1
26,56093.59,19626.29,593.0,3.1,1500.18,8,0
48,56981.38,18016.36,540.0,1.1,3248.11,2,0
48,24653.88,12978.85,617.0,0.9,18022.36,4,1
64,44178.32,10713.65,552.0,1.2,10715.02,13,0
64,60624.43,10283.5,695.0,3.4,9625.94,13,0
40,37461.39,7597.83,640.0,1.4,5078.17,4,0
50,32704.32,6343.05,541.0,0.5,4925.91,2,0
31,15000.0,29707.71,644.0,8.1,902.72,11,1
48,41736.13,15997.68,730.0,3.9,6041.54,9,0
45,32007.42,13757.59,780.0,0.9,16253.66,12,0
59,35321.34,11032.93,507.0,3.2,91.3,14,0
53,49563.59,18431.03,588.0,0.4,4481.43,4,0
21,43003.42,24629.31,547.0,4.3,13557.12,4,0
47,31675.24,20786.12,678.0,2.1,13540.85,4,0
33,15000.0,22372.71,537.0,0.5,3676.76,5,1
61,61046.23,10307.77,735.0,1.0,14981.72,10,0
23,70056.54,14966.97,746.0,2.1,5391.82,12,0
59,47065.1,10412.98,715.0,8.2,1104.44,12,0
26,49684.49,15856.25,593.0,1.0,16989.87,8,0
28,55056.21,25180.73,598.0,0.6,8551.76,4,0
47,86575.67,18515.23,613.0,3.6,6992.83,3,0
29,23645.84,28013.71,738.0,4.1,9048.98,11,1
57,46710.21,12691.81,514.0,0.5,2180.45,1,0
53,20560.54,8544.31,681.0,1.7,4628.58,2,0
62,62246.37,19097.03,575.0,1.5,16621.41,4,0
64,52120.83,15950.87,616.0,1.0,19154.8,9,0
44,59059.84,17581.62,709.0,1.9,1320.98,14,1
35,58062.45,16385.76,529.0,0.2,5663.85,1,0
52,74814.17,11124.53,628.0,5.3,8026.33,6,0
52,65762.66,16565.89,640.0,22.3,9204.16,6,0
44,71610.16,22786.96,647.0,5.0,2297.69,10,0
61,33689.31,23608.86,642.0,2.2,11902.64,3,0
32,78863.42,11083.87,695.0,5.5,12355.93,10,0
59,40552.75,16848.05,614.0,4.2,13101.87,9,0
22,41702.61,26816.89,679.0,9.4,12514.78,14,0
23,60416.85,11256.87,676.0,4.9,8487.4,10,0
57,61038.37,9804.43,673.0,5.0,13943.34,3,0
37,33562.86,21355.22,692.0,1.3,11264.4,1,0
22,51534.41,19951.67,673.0,2.7,0.0,2,0
22,84764.71,8304.19,643.0,2.1,0.0,4,0
48,25633.27,3804.32,548.0,0.1,9851.45,4,0
43,84704.38,16692.45,759.0,1.9,15714.91,2,0
57,50166.03,11651.22,786.0,3.3,10676.27,10,0
52,15000.0,1527.39,621.0,4.6,11529.89,6,0
53,27665.37,9502.38,687.0,13.6,1645.46,6,0
21,35730.45,19820.88,606.0,1.4,8404.06,3,0
39,42521.41,13788.71,592.0,0.8,14852.64,1,0
22,52905.73,27528.83,654.0,10.2,10674.87,10,0
64,15000.0,1000.0,850.0,14.2,8627.85,9,0
46,58736.09,25703.94,778.0,3.3,11564.75,4,0
52,33898.19,12248.77,766.0,0.6,9359.25,9,0
26,82810.45,11092.63,692.0,3.3,15047.23,5,0
52,49596.47,2590.45,577.0,0.6,9354.73,7,0
24,73856.92,18720.65,733.0,10.7,7815.51,3,0
31,77206.98,1000.0,423.0,6.2,1715.83,3,0
37,76665.46,21543.23,681.0,1.4,15286.35,8,0
58,43671.87,2893.09,738.0,10.9,2357.49,1,0
44,43416.0,4154.35,662.0,5.1,9424.87,8,0
25,50500.53,5470.28,783.0,15.3,12805.74,8,0
54,67724.75,9272.4,536.0,19.7,18736.01,3,0
26,44786.09,22536.61,778.0,0.0,9359.78,1,0
42,52614.75,27031.65,637.0,0.6,16347.75,9,0
31,60471.88,10099.25,766.0,4.0,8164.32,4,0
36,36902.16,14627.5,732.0,15.6,4637.44,7,0
53,35637.83,18919.34,771.0,25.8,24598.53,9,0
29,51834.72,12365.5,728.0,4.2,691.48,3,0
26,54483.58,18606.06,705.0,1.0,25527.95,5,0
36,63677.71,14967.36,759.0,0.9,17770.2,10,0
49,68437.73,12972.32,654.0,7.2,4551.19,11,0
23,33018.74,3641.47,698.0,4.5,11899.09,13,0
40,38758.3,16192.35,650.0,4.0,0.0,3,0
56,35584.95,22667.01,595.0,3.1,11558.19,5,0
39,83248.95,8773.78,692.0,6.5,9932.6,11,0
46,52594.59,1000.0,666.0,9.8,13198.85,2,0
23,55322.59,12443.59,751.0,1.8,5576.13,4,0
39,56155.49,27078.17,635.0,1.2,8954.15,12,0
40,40686.6,24695.6,589.0,5.5,10857.65,2,0
52,86285.39,10356.3,749.0,12.3,5069.22,3,0
27,63220.53,18644.12,655.0,2.1,16436.57,5,0
61,55791.81,19908.37,587.0,1.6,8780.83,9,0
53,32894.87,26922.7,761.0,1.3,10066.24,3,0
60,31761.35,2595.34,724.0,1.5,3003.33,10,0
59,48821.85,6449.37,798.0,0.7,0.0,6,0
38,41000.16,1000.0,623.0,4.5,0.0,4,0
60,33651.11,9572.73,612.0,1.6,11577.89,4,0
21,47580.84,23530.44,563.0,4.8,3258.26,11,0
31,50671.44,10522.25,605.0,0.4,12373.27,13,0
48,57835.71,4534.49,619.0,0.6,17928.45,10,0
45,44921.61,16813.09,705.0,3.8,12625.86,10,0
43,34847.99,17018.95,576.0,3.6,10557.86,13,0
51,35541.58,6863.6,597.0,1.6,11934.09,5,0
50,79259.45,10951.63,786.0,8.8,14624.14,11,0
62,29964.85,16204.61,416.0,1.0,9870.31,7,0
55,62263.65,20967.89,688.0,2.2,11982.17,11,0
27,65390.93,9809.02,547.0,4.1,4607.51,14,0
36,52574.49,8656.19,586.0,10.1,2142.73,4,0
46,90356.58,30300.44,764.0,2.7,4965.24,8,0
22,65034.38,12807.79,656.0,2.5,6041.86,12,1
21,91858.06,16995.47,850.0,4.3,5797.01,13,0
32,41978.72,20186.92,700.0,1.9,14879.86,9,0
25,42321.09,1000.0,584.0,6.2,0.0,9,0
57,65550.74,14851.78,695.0,1.4,6717.61,9,0
52,49770.69,1834.27,740.0,8.7,12459.68,2,0
29,88713.31,13953.78,692.0,1.6,12240.58,3,0
61,61834.01,25984.99,633.0,24.6,3086.4,5,0
55,34108.52,7012.25,515.0,1.9,18432.31,12,0
39,20263.67,1668.65,624.0,10.6,0.0,1,0
36,53435.23,30101.49,783.0,2.5,5900.2,4,0
23,53217.54,5823.54,586.0,1.4,6141.03,11,0
40,61275.32,3011.37,617.0,1.3,6080.9,14,0
44,79213.81,27952.25,729.0,9.5,16158.2,14,0
53,76582.27,5508.24,700.0,1.8,8095.78,5,0
44,43421.98,28159.31,545.0,2.1,9918.65,9,0
31,29123.61,17192.73,641.0,1.1,13275.9,8,0
28,30317.58,25271.66,763.0,16.3,4162.51,1,0
56,40263.97,16488.53,652.0,1.4,7071.62,14,0
58,47665.37,23637.62,764.0,1.4,18056.41,13,0
60,61101.24,7652.41,769.0,14.4,10269.46,12,0
40,38980.65,10091.18,576.0,11.6,1430.14,3,0
55,60607.84,1000.0,626.0,1.4,2861.85,14,0
45,62240.8,22774.25,703.0,10.0,13351.6,14,0
55,57866.88,18356.55,527.0,1.4,1223.16,3,0
45,32427.54,6941.4,632.0,0.4,5162.06,11,0
49,64356.53,1008.78,694.0,8.6,9219.81,6,0
38,96625.39,17254.51,600.0,7.4,8081.73,4,0
38,59917.94,28407.64,697.0,1.7,16899.31,4,0
22,15000.0,13896.31,602.0,0.5,0.0,1,0
55,79817.59,9732.43,601.0,1.2,10891.68,12,0
36,40945.04,7503.41,710.0,7.4,6304.5,10,0
61,100314.25,24994.79,759.0,16.7,15902.05,13,0
56,57327.27,8766.02,593.0,1.5,6586.24,12,0
53,21305.99,12030.57,553.0,8.5,6760.1,11,0
24,15000.0,23333.88,647.0,1.3,7975.54,4,1
53,85794.82,20099.85,687.0,5.7,4033.16,1,0
34,77118.1,12336.73,592.0,0.4,4454.52,5,0
41,99520.38,9408.18,783.0,4.4,7106.27,13,0
40,55218.49,26724.63,638.0,1.6,17869.83,3,0
28,53869.4,6069.04,592.0,13.0,5051.9,13,0
27,47345.62,13317.72,805.0,1.7,3875.02,10,0
23,41834.2,2952.99,751.0,2.5,5599.11,5,0
37,47151.41,24510.94,592.0,9.2,8020.38,14,0
53,59349.27,11200.91,735.0,2.9,18754.67,3,0
32,38121.98,9402.99,598.0,1.4,3417.29,5,0
42,21614.21,20293.3,711.0,4.0,22994.56,4,1
42,58197.53,3595.88,792.0,9.2,10713.8,9,0
50,37676.09,20083.05,553.0,2.8,1998.04,14,0
58,15000.0,12115.66,607.0,0.7,4716.47,6,1
58,66051.35,5357.61,609.0,2.4,0.0,12,0
28,32838.82,7077.9,671.0,15.4,8640.09,14,0
47,68235.79,9526.4,688.0,0.4,14309.21,10,0
47,67756.96,11447.65,643.0,2.6,8186.53,2,0
54,60671.8,5411.79,515.0,5.2,12816.84,1,0
41,104936.36,17356.13,552.0,0.4,10570.92,1,0
50,52238.96,5202.22,579.0,2.1,15260.81,1,0
53,49287.21,1000.0,695.0,14.1,2121.57,9,0
48,68673.45,30356.96,538.0,0.2,13297.29,5,0
53,53891.05,16583.42,577.0,7.0,19320.66,14,1
25,78209.87,31075.93,559.0,9.2,23391.79,4,0
39,29623.88,6650.73,677.0,1.6,16521.96,10,0
24,29956.51,18838.36,741.0,1.2,9028.83,5,0
55,70316.19,22156.87,662.0,12.3,2208.36,9,0
37,31703.78,13485.23,809.0,7.2,3100.26,3,0
64,67181.97,3444.4,662.0,0.6,6960.95,3,0
48,62400.06,12884.15,642.0,1.2,19159.53,12,0
50,41110.23,20011.18,587.0,4.9,4817.78,2,0
49,62343.4,19705.76,666.0,2.7,9077.58,8,0
26,30308.15,14986.97,584.0,3.5,13644.58,7,0
55,35002.0,22178.3,572.0,15.1,0.0,2,0
61,50256.25,21800.69,569.0,2.7,1619.52,4,0
57,56578.56,10810.66,632.0,10.7,19719.03,7,0
44,48927.23,2836.64,610.0,5.4,14257.41,1,0
49,63662.32,16523.47,850.0,0.6,14297.87,1,0
51,62769.33,9026.9,667.0,6.8,2363.03,8,0
55,85587.34,16149.99,665.0,3.7,16709.01,6,0
53,53094.29,25764.24,606.0,1.3,3098.35,2,1
41,78891.27,18499.94,850.0,1.7,8549.29,10,0
52,73414.51,25370.05,576.0,4.1,12168.15,10,0
43,100879.55,6908.16,612.0,4.6,12997.32,1,0
53,52454.84,23699.65,730.0,17.2,10961.29,3,0
23,46592.83,28412.78,666.0,9.6,6794.42,12,0
38,80153.88,15514.58,548.0,1.2,0.0,4,0
45,62708.65,33576.43,652.0,7.4,8494.12,13,0
62,80633.18,8140.55,704.0,0.0,0.0,5,0
51,69335.98,9889.33,691.0,0.7,11405.48,11,0
23,15000.0,20199.48,703.0,1.1,2128.04,10,1
60,62526.44,15435.72,825.0,4.5,7042.83,3,0
44,61224.32,9056.74,672.0,1.1,4930.8,13,0
52,57662.14,19952.83,714.0,2.3,11396.07,14,0
42,52355.14,17844.33,456.0,1.4,3259.38,5,0
43,23157.13,10309.79,799.0,2.1,9537.27,12,0
22,72483.54,16512.41,655.0,14.3,9107.29,7,0
47,62475.37,21072.2,581.0,29.7,8394.62,11,0
62,77039.13,10132.33,634.0,5.8,10356.05,9,0
22,24224.89,19135.97,703.0,4.2,785.08,5,0
46,65142.69,8063.65,733.0,6.2,1004.67,4,0
37,50306.81,9609.4,642.0,7.4,16600.85,10,0
60,57875.76,23892.7,698.0,6.7,0.0,11,0
53,50536.81,19909.97,629.0,0.4,20998.09,13,0
29,65872.16,1000.0,689.0,1.9,7173.42,9,0
63,51742.54,12006.2,667.0,2.1,2897.12,8,0
59,33961.7,18917.57,674.0,2.3,13166.89,5,0
49,56728.51,16110.92,625.0,2.1,4626.6,9,0
62,50716.51,19945.63,682.0,7.7,10029.18,11,0
46,53332.13,15927.85,584.0,6.9,15458.49,14,1
55,15000.0,13939.22,666.0,0.0,12279.53,9,1
45,68652.72,13694.7,599.0,1.8,10558.96,1,0
44,48706.73,23729.43,571.0,4.9,11927.79,12,1
33,28036.93,20559.52,594.0,0.6,8240.44,6,1
27,73451.27,18237.95,633.0,0.4,12866.57,11,0
56,67727.31,15710.66,608.0,8.8,1563.33,5,0
40,48453.6,10609.45,682.0,3.0,16754.7,6,0
21,31956.61,12545.97,656.0,9.7,7062.76,10,0
28,58560.61,23517.37,731.0,8.7,9063.09,3,0
36,57462.12,22764.02,643.0,11.2,6118.69,14,0
34,73486.69,9811.42,664.0,0.2,11636.67,3,0
32,46125.29,15799.36,799.0,1.0,14324.74,10,0
43,78898.44,18987.74,615.0,1.8,2047.58,5,0
35,44194.94,18465.48,627.0,0.7,7584.3,7,0
48,28083.36,18403.86,746.0,3.3,9019.13,4,0
54,32354.34,6103.4,573.0,8.0,10617.94,6,0
22,53751.77,5628.13,755.0,15.1,6250.65,5,0
52,53689.71,24361.56,631.0,11.0,5408.25,2,0
43,61557.22,27072.2,583.0,3.1,13316.61,13,0
42,53192.52,3147.83,722.0,5.1,11051.83,11,0
45,74546.37,14777.92,630.0,1.3,9292.79,12,0
42,49778.12,21512.41,796.0,2.6,15496.43,1,0
42,15074.47,1000.0,656.0,10.2,0.0,6,0
62,52578.07,6413.3,656.0,0.1,12790.72,5,0
26,15000.0,14262.42,603.0,3.8,10241.77,9,1
35,60427.82,10222.09,638.0,10.3,0.0,12,0
63,76143.86,16673.15,628.0,0.7,14997.96,7,0
57,35275.51,26763.86,757.0,20.2,11539.18,1,0
53,83371.13,8177.62,673.0,0.1,12340.05,13,0
28,71856.62,15402.18,706.0,10.9,6178.07,10,0
64,79129.6,12241.63,658.0,2.2,12575.54,6,0
64,58791.28,16090.92,617.0,0.7,3614.36,11,0
25,35144.7,15046.4,680.0,0.9,0.0,7,0
59,70616.31,36097.59,777.0,6.0,7921.67,3,0
24,42507.98,26916.62,566.0,10.2,12050.06,14,0
26,57357.69,2352.52,684.0,5.1,14089.55,9,0
52,51572.98,7798.92,770.0,13.2,8904.14,11,0
50,77493.92,8777.14,585.0,9.2,8441.2,14,0
55,69606.54,5125.8,724.0,0.0,14085.92,14,0
60,53388.68,4053.1,724.0,5.5,5996.38,11,0
36,15967.86,13573.07,546.0,1.8,4627.25,2,0
33,42295.45,9082.5,739.0,3.0,17709.43,1,0
62,69084.45,7873.65,602.0,0.5,6333.43,10,0
50,60602.21,31163.79,679.0,1.7,13499.68,10,0
39,24935.56,9632.98,732.0,5.0,16157.78,12,0
37,18868.24,11454.66,746.0,1.2,9260.04,9,0
39,58910.18,20931.65,527.0,5.2,9583.11,7,0
48,33858.86,11427.77,793.0,12.8,18786.82,10,0
46,35784.07,5674.61,763.0,0.0,152.17,13,0
57,68452.15,12936.48,734.0,7.7,50.41,11,0
46,79044.78,31069.87,679.0,5.1,12893.23,1,0
43,39985.96,11148.46,615.0,0.2,5547.47,4,0
29,54104.79,7705.87,563.0,7.8,13168.97,10,0
32,53515.07,18361.84,520.0,1.3,7661.44,13,0
21,51715.92,12552.68,702.0,1.5,12996.63,3,0
21,55811.97,36911.95,734.0,0.5,2711.23,11,0
54,70129.98,8704.82,643.0,3.8,11678.73,7,0
52,41521.51,28869.85,613.0,3.4,4994.21,5,0
45,24494.45,24307.12,656.0,2.1,12321.38,9,1
60,88800.2,11949.24,599.0,0.9,22187.58,11,0
21,76788.44,14971.88,652.0,9.1,3173.04,3,0
36,32927.24,6760.96,594.0,10.5,5875.47,11,0
59,57712.64,10692.47,699.0,3.9,7233.54,6,0
25,75214.04,11892.43,750.0,1.4,9936.51,10,0
42,69980.88,16262.83,691.0,0.5,0.0,2,0
49,64240.27,3698.56,644.0,10.1,8199.43,3,0
23,51595.46,17491.88,729.0,0.5,6689.1,4,0
32,89546.08,13833.05,652.0,0.1,6731.35,6,0
46,59417.18,18184.86,727.0,3.2,9767.21,11,0
36,44700.81,19378.45,599.0,6.6,10124.43,1,0
57,72421.51,13192.52,609.0,3.1,10031.5,6,0
42,56921.17,18905.58,571.0,0.3,1537.73,4,0
49,61995.95,14302.59,613.0,5.9,6497.64,8,0
34,59062.98,20947.78,729.0,5.1,6245.77,9,0
48,64935.51,17529.01,580.0,5.7,11163.76,8,0
25,35430.87,16448.33,466.0,1.2,2203.47,8,1
50,25977.87,14180.43,617.0,7.9,9160.21,13,0
25,83682.65,25366.53,556.0,3.3,17653.15,13,0
32,59991.69,18241.48,610.0,3.8,0.0,2,0
36,70416.95,4428.3,819.0,3.9,6980.54,14,0
46,19804.82,11224.39,579.0,1.7,0.0,10,0
46,76333.66,13171.32,701.0,1.4,8001.64,2,0
41,44570.29,14991.01,644.0,0.0,13012.78,6,0
59,38875.64,16413.66,680.0,2.5,4934.52,5,0
56,53732.54,7446.27,609.0,3.3,13556.36,6,0
53,35440.4,14456.02,743.0,6.8,16165.03,9,1
50,54965.37,12487.03,684.0,0.3,10410.65,12,0
57,52273.23,23677.95,686.0,12.9,4910.16,10,0
43,76207.92,7039.37,658.0,1.5,11216.03,7,0
30,85266.89,14860.97,750.0,2.3,18085.34,5,0
25,84630.32,9516.92,695.0,0.2,13.16,10,0
56,15000.0,29903.97,680.0,5.3,14648.93,7,1
54,36296.66,25052.91,702.0,6.2,266.5,8,0
51,15000.0,1861.14,509.0,13.2,0.0,11,0
30,31129.15,8630.29,665.0,2.1,598.88,12,0
39,42009.64,21967.39,645.0,1.5,7763.68,1,0
52,63211.23,18658.26,743.0,6.5,15577.95,10,0
21,44601.34,18407.45,594.0,6.1,0.0,11,0
25,45158.6,16526.82,666.0,13.8,13937.24,11,0
24,58635.29,22609.6,804.0,1.1,7081.37,7,0
36,20813.81,21247.81,648.0,6.1,1382.67,4,0
44,38228.14,12675.55,544.0,0.3,11549.46,5,0
36,44928.87,5405.93,824.0,3.3,5151.01,13,0
22,50951.96,1479.48,593.0,0.6,21553.42,2,0
48,56539.08,14170.89,567.0,5.3,10990.77,10,0
52,85013.0,1000.0,570.0,4.6,8335.73,5,0
47,73166.72,17007.97,708.0,0.3,11889.31,9,0
40,39613.8,12535.75,754.0,1.9,16061.14,1,0
44,49773.42,30551.29,791.0,2.5,16644.98,3,0
32,48411.22,17745.03,651.0,1.4,13568.23,4,0
55,44716.95,14766.2,571.0,0.2,16260.8,9,0
53,60450.32,2070.64,604.0,1.9,15219.59,2,0
53,17804.41,4901.43,653.0,7.9,13455.75,7,0
63,72614.29,20450.83,648.0,2.2,5634.1,9,0
57,88871.02,12495.23,755.0,2.0,15543.42,12,0
32,49603.19,35283.01,545.0,14.2,5428.16,10,0
23,49212.71,14335.59,561.0,0.2,9581.42,4,0
21,58140.88,16351.38,625.0,7.3,5743.05,5,0
53,75387.72,4464.82,680.0,3.3,12043.89,12,0
60,48514.13,22579.45,615.0,14.5,15677.38,12,0
30,73678.9,7594.23,608.0,2.5,5558.81,12,0
63,64769.89,19195.3,744.0,6.2,0.0,10,0
64,102232.23,21494.35,688.0,0.4,14063.23,4,0
49,48426.76,15761.55,571.0,13.2,14213.59,12,0
33,15479.99,29055.77,609.0,2.1,17386.79,7,1
32,26341.22,10114.38,691.0,3.7,13363.35,8,0
51,55238.56,28404.32,549.0,0.7,13501.82,8,0
22,75557.64,4832.43,691.0,14.6,3695.48,14,0
55,41949.82,21392.23,622.0,5.6,12422.17,14,0
43,50381.35,13860.69,679.0,0.3,20880.97,3,0
37,68696.85,9334.94,660.0,0.8,4682.05,2,0
46,35695.35,1709.77,561.0,2.6,692.1,6,0
28,42774.61,12914.65,599.0,1.2,8843.37,12,0
49,31645.47,12409.48,766.0,1.8,13624.64,1,0
46,78564.56,16383.25,840.0,29.9,9299.07,12,0
30,85833.46,20798.52,510.0,5.4,18702.63,9,0
46,23411.7,8532.27,733.0,12.8,2837.71,7,0
54,52156.29,29066.14,674.0,2.9,0.0,8,0
61,83145.18,10691.72,817.0,6.2,16574.0,7,0
27,62973.9,19817.55,605.0,3.1,0.0,5,0
24,45215.22,15721.34,722.0,2.0,9902.73,5,0
31,24076.76,13410.32,626.0,3.7,16410.93,7,1
49,78058.89,15320.46,753.0,2.8,9297.75,7,0
56,62210.3,7477.7,835.0,19.7,3812.52,2,0
45,25540.27,11899.47,667.0,3.4,15633.74,2,0
41,78797.82,4281.96,559.0,8.3,9024.7,7,0
56,22991.93,10605.84,763.0,5.5,6674.76,5,0
30,50590.28,11266.66,695.0,3.3,17861.04,2,0
57,49707.71,21761.77,680.0,3.2,5743.13,1,0
29,87367.63,12344.6,777.0,2.1,4403.98,9,0
44,49779.08,11415.35,559.0,0.6,2583.56,11,0
55,49707.15,16760.32,593.0,7.2,15296.25,8,0
55,27738.43,16446.82,698.0,12.5,10565.88,2,0
56,42192.05,10271.67,591.0,1.2,5075.16,2,0
38,38654.09,18153.83,625.0,13.0,0.0,3,0
59,39695.55,13570.82,752.0,1.3,16452.33,4,0
52,55125.69,10258.69,685.0,3.8,5163.34,9,0
44,15000.0,11036.17,556.0,2.1,0.0,12,0
43,24795.4,22594.81,683.0,0.6,8524.08,6,0
52,52779.62,11276.58,749.0,0.3,14196.07,3,0
57,57425.09,17089.0,664.0,2.3,12320.79,14,0
32,50331.34,4740.8,720.0,0.2,8487.18,8,0
33,54184.11,23922.44,609.0,0.6,5349.23,6,0
43,46817.67,10336.05,671.0,0.8,4636.21,8,0
45,54629.91,18202.32,524.0,0.0,15655.86,10,0
55,63682.84,12987.45,700.0,0.8,0.0,12,0
61,63542.67,18110.67,679.0,4.3,2304.93,2,0
50,41220.83,18547.52,547.0,8.6,7425.02,8,0
37,73301.89,13842.69,772.0,1.1,0.0,11,0
40,58142.17,1000.0,696.0,0.4,6692.29,5,0
45,79644.28,23728.12,595.0,6.5,638.22,10,0
42,83657.45,13880.78,702.0,0.0,10848.76,14,0
33,26145.47,17944.05,571.0,6.6,4560.84,14,0
39,37819.45,20533.75,582.0,0.7,5601.63,12,0
56,71270.96,11342.61,572.0,1.3,4141.72,4,0
32,21702.15,19137.08,569.0,0.6,12057.34,3,0
61,83403.54,9019.18,685.0,1.4,7586.53,12,0
39,48122.36,18100.34,658.0,8.0,13676.32,9,0
32,66500.66,15157.62,710.0,0.7,15247.75,10,0
29,52672.19,11620.04,424.0,25.7,6277.73,7,0
27,27152.21,15375.94,619.0,2.0,3817.35,7,0
48,76110.89,6558.45,620.0,12.8,5486.28,6,0
34,110014.46,17472.32,654.0,1.1,23970.94,9,0
51,44699.83,18302.58,652.0,1.0,4295.13,3,0
39,48552.83,17765.12,668.0,4.2,6951.59,14,0
36,15000.0,27017.37,657.0,0.3,9286.78,1,1
25,82030.06,14240.21,613.0,8.1,11279.41,7,0
55,73235.31,14791.02,618.0,2.9,8620.21,9,0
32,20332.32,5637.84,646.0,6.0,18643.65,6,0
45,15000.0,27579.76,690.0,1.0,9415.81,10,1
41,16015.37,3014.85,657.0,5.1,7104.3,2,0
56,67903.38,16828.51,587.0,4.5,13735.27,13,0
43,69899.83,10081.75,583.0,7.0,2680.21,8,0
36,36533.32,15498.53,691.0,1.8,11235.17,9,0
59,64985.2,4535.53,711.0,13.5,5775.06,10,0
62,58177.54,22133.31,736.0,16.3,15713.84,8,0
59,47654.61,7358.56,611.0,10.1,16175.74,9,0
34,74403.94,24330.02,500.0,4.2,6955.47,1,0
51,30901.29,7579.12,681.0,2.7,2777.67,3,0
25,77950.78,22801.7,593.0,0.3,0.0,3,0
55,40429.57,8352.28,642.0,14.7,9351.26,14,0
43,90630.73,10083.12,662.0,15.2,0.0,9,0
49,34893.88,14985.23,694.0,0.1,7489.74,3,0
63,47968.56,8216.59,721.0,2.2,4634.24,14,0
31,56171.74,7980.99,744.0,10.6,11348.37,10,0
38,56046.37,8309.27,756.0,0.4,7918.15,1,0
32,64816.57,17550.84,658.0,1.1,4601.93,3,0
29,29286.35,14996.4,515.0,19.2,13094.42,2,0
30,54253.75,15421.05,601.0,9.4,1452.22,9,0
64,57762.63,12402.94,763.0,12.2,11378.46,14,0
37,44445.24,19389.6,662.0,0.8,20373.06,1,0
58,63081.17,23400.46,824.0,1.2,13793.43,11,0
27,28072.6,19604.94,620.0,4.6,5567.34,2,0
33,48470.92,13328.23,835.0,3.5,1890.06,1,0
60,39936.32,5233.72,650.0,1.8,13607.96,9,0
62,48531.38,1000.0,616.0,10.8,654.14,7,0
29,83940.71,14481.08,593.0,11.6,8036.09,14,0
47,84329.11,1000.0,703.0,1.7,12347.05,13,0
22,80408.33,13405.56,537.0,0.8,1946.3,1,0
25,45754.85,26220.99,606.0,0.8,1615.2,13,0
49,73152.37,5772.24,646.0,3.3,92.78,13,0
57,57247.24,4711.14,469.0,0.7,17566.95,10,0
58,55911.79,20095.47,642.0,3.2,18191.05,12,0
39,53452.77,1000.0,788.0,3.1,18101.71,6,0
28,90168.36,18054.47,685.0,10.8,18904.52,5,0
21,82316.77,26748.07,597.0,1.8,4201.79,10,0
42,69897.93,8020.12,612.0,4.1,0.0,14,0
37,51593.98,6646.08,677.0,6.8,18219.49,11,0
27,55791.22,19720.19,609.0,4.5,13575.06,5,0
45,65611.33,5634.05,687.0,15.4,13092.66,4,0
24,44567.82,21486.55,607.0,4.6,1759.87,3,0
56,73766.31,6285.52,568.0,11.6,8582.31,14,0
26,36575.1,29147.22,744.0,1.4,8955.6,13,0
51,62836.87,20298.45,707.0,4.1,7621.17,8,0
39,15000.0,15304.35,499.0,3.9,2898.43,7,1
64,43987.63,28686.04,623.0,22.8,0.0,5,0
59,96553.54,23252.35,733.0,1.1,3484.02,12,0
47,75723.83,17948.93,637.0,0.8,0.0,9,0
30,85709.37,1000.0,604.0,4.7,5522.73,12,0
46,41653.85,9388.05,630.0,1.3,4310.01,7,0
39,57075.46,23683.28,659.0,5.1,993.65,10,0
59,80639.85,4598.99,636.0,18.0,10405.2,2,0
23,67661.9,8874.21,643.0,14.6,5939.77,7,0
33,65171.32,6823.22,638.0,1.3,6373.07,7,0
48,87611.64,18218.85,572.0,0.9,16345.95,4,0
40,34190.9,22708.89,568.0,4.1,6073.55,12,1
48,51315.24,22716.79,563.0,4.4,10722.58,12,0
28,19918.29,8177.44,657.0,5.4,1501.27,8,0
61,33097.88,18109.27,697.0,6.8,9532.6,4,0
59,76483.71,7800.94,575.0,4.6,7384.69,7,0
21,36653.01,13315.61,530.0,0.6,8555.32,4,0
23,69710.49,19161.34,580.0,7.8,650.92,13,0
33,88169.7,23491.0,762.0,0.4,1221.57,8,0
48,51441.24,1000.0,625.0,0.1,5922.97,14,0
45,65397.27,15789.08,633.0,7.3,15983.84,14,0
53,69866.24,26258.35,586.0,4.0,0.0,3,0
58,30570.1,16857.76,696.0,6.0,18083.08,2,1
26,42670.95,15660.91,640.0,2.4,3760.71,10,0
64,34926.78,10495.94,592.0,0.1,8498.54,6,1
52,44265.54,26046.02,568.0,2.0,14015.61,7,1
41,69322.21,10865.73,680.0,4.7,5866.02,7,0
36,43096.07,14198.8,671.0,1.3,6538.3,6,0
41,54296.94,11238.29,551.0,5.8,16679.12,11,0
31,34150.77,15865.56,748.0,7.9,14579.75,8,0
57,79528.44,26405.22,599.0,3.0,12203.78,12,0
56,44097.8,7751.15,472.0,10.4,7124.2,6,0
55,85459.61,15900.43,772.0,9.6,7541.55,6,0
39,56218.58,18128.52,642.0,10.5,1566.18,3,0
40,26860.01,8501.34,685.0,5.4,6295.2,12,0
38,51579.47,14527.87,784.0,1.8,8404.29,2,0
61,33744.46,29810.72,570.0,3.3,7798.45,7,1
34,66786.99,1000.0,688.0,6.2,9776.6,6,0
35,49772.74,11630.39,744.0,1.2,14668.85,1,0
51,58264.21,17004.48,575.0,6.7,0.0,2,0
21,47612.94,11992.46,767.0,4.0,4200.51,2,0
23,43893.15,38089.98,537.0,0.5,14866.66,1,1
36,35527.56,19389.53,642.0,4.1,22797.24,3,1
43,71724.46,6645.05,564.0,0.3,1557.67,5,0
31,51536.94,1000.0,706.0,0.1,4247.77,4,0
32,48706.18,17722.21,573.0,11.0,148.19,12,0
30,51035.72,8955.05,601.0,3.4,0.0,2,0
52,41422.76,25311.19,580.0,3.9,9646.89,8,1
36,48772.97,12801.08,554.0,1.6,11565.46,9,0
28,59112.6,10453.19,589.0,3.9,6202.23,8,0
58,34317.26,10318.02,646.0,0.9,6256.67,7,0
32,37212.96,22892.07,642.0,6.8,7333.35,10,0
44,82565.68,18324.66,633.0,8.7,4588.31,2,0
48,47744.87,29047.65,597.0,9.7,7738.52,6,0
28,43968.78,13279.14,622.0,0.6,16321.36,11,0
48,28122.57,21898.24,523.0,4.1,3035.72,4,1
56,72013.55,22035.01,594.0,8.3,6301.75,5,0
46,33881.48,20390.51,632.0,0.7,7234.13,9,0
28,54694.15,10921.14,674.0,0.5,4594.98,13,0
48,20836.3,18787.26,664.0,8.5,8407.55,9,1
48,71363.46,14222.06,552.0,8.0,0.0,4,0
57,78537.12,14011.87,684.0,3.0,11437.48,8,0
61,64690.41,8553.52,660.0,0.6,2166.77,11,0
56,24310.4,1000.0,765.0,3.6,2956.12,5,0
47,71775.24,24987.01,530.0,2.5,6995.02,9,0
37,38453.02,18452.47,639.0,3.7,0.0,2,1
29,31580.56,4254.41,733.0,2.9,15987.24,4,0
53,47330.78,20741.68,626.0,4.2,3056.92,3,0
40,46932.65,25145.08,577.0,6.5,23796.15,7,0
33,44899.03,21221.34,585.0,7.5,11781.2,14,0
48,80473.48,7866.89,713.0,5.2,4590.24,2,0
49,95236.52,9144.06,526.0,1.1,6161.62,3,0
33,27617.27,10616.99,623.0,2.5,8891.55,9,0
55,41223.35,21888.68,580.0,0.4,18192.32,8,1
26,57854.97,18831.68,586.0,3.0,13701.72,2,0
38,47225.67,37322.33,685.0,17.6,13251.53,6,0
25,62987.97,1872.92,618.0,5.1,6166.58,14,0
45,73319.71,14579.21,669.0,0.8,4598.44,3,0
22,69987.32,1000.0,551.0,1.6,11824.43,12,0
30,67194.67,19773.18,716.0,0.3,16001.42,13,0
50,88181.91,23535.16,667.0,1.0,7171.82,6,0
25,23221.05,26536.85,749.0,3.3,3891.98,14,1
53,84602.18,16508.18,617.0,2.1,1800.23,5,0
21,46740.17,1000.0,686.0,1.1,0.0,10,0
38,70702.5,14598.81,713.0,0.8,5319.16,4,0
52,34406.68,18494.32,684.0,5.3,6473.66,12,1
31,36830.07,6958.83,786.0,4.1,7879.62,7,0
41,68242.35,12880.17,517.0,9.2,11249.84,11,0
46,16425.4,4783.6,664.0,1.0,5187.39,10,0
45,74788.84,10098.36,618.0,9.4,18771.71,7,0
42,80199.27,22299.73,612.0,4.3,1167.83,4,0
47,58555.7,20441.3,769.0,1.5,12096.62,3,0
33,57835.22,3838.24,600.0,1.6,682.65,4,0
53,38327.28,9360.12,718.0,2.5,2897.27,2,0
54,68488.99,15456.74,566.0,3.1,9686.0,4,0
61,61953.3,16812.19,732.0,0.4,14262.05,4,0
55,36569.89,9696.83,648.0,9.2,6322.74,12,0
21,47170.4,18811.66,627.0,0.6,8507.68,5,0
41,51813.29,14717.74,527.0,3.3,15576.39,1,0
26,47143.96,1000.0,628.0,2.4,667.14,2,0
48,27741.77,10426.64,595.0,3.6,12619.3,8,0
37,68980.41,10198.19,790.0,10.9,3865.6,8,0
25,50129.79,20426.19,654.0,22.6,9458.57,8,0
51,55307.3,20568.47,602.0,0.1,11238.42,5,0
25,43434.67,1623.18,599.0,2.5,945.54,8,0
58,64505.43,18507.77,541.0,8.5,3520.64,9,0
23,58973.92,14408.29,772.0,2.0,11995.15,14,0
43,79255.69,16011.4,751.0,5.2,6439.34,4,1
57,64611.97,10089.38,645.0,24.3,3718.03,4,0
57,50946.31,14505.36,824.0,5.2,9168.39,7,0
30,40205.66,24202.61,649.0,0.6,1523.49,5,0
30,72319.05,15897.49,738.0,9.3,904.16,11,0
39,49348.48,14660.59,695.0,17.0,0.0,10,0
37,51565.65,11166.37,604.0,6.2,10158.74,1,0
41,51560.57,23418.05,665.0,2.7,8191.95,8,1
34,46967.85,4753.7,680.0,14.8,11243.54,4,0
29,51909.22,8584.24,546.0,17.3,15331.16,8,0
21,93524.15,4294.31,673.0,13.7,6552.13,2,0
33,34043.56,16605.48,741.0,2.7,7582.74,12,0
24,38709.92,24437.98,595.0,7.8,10059.27,12,0
21,82686.49,12369.64,633.0,5.3,4579.54,4,0
60,47503.91,6444.76,561.0,1.0,0.0,2,0
52,45987.57,28091.57,611.0,3.8,1090.37,5,0
54,75697.28,18610.26,618.0,6.9,7761.1,10,0
48,26596.09,17220.19,776.0,11.3,13998.75,10,0
51,71429.09,13478.47,625.0,9.9,17403.94,14,0
28,55912.33,20352.11,608.0,0.8,6291.78,8,0
59,64296.04,17094.84,642.0,3.3,9007.08,11,0
46,63920.62,11149.85,513.0,3.3,19224.84,7,0
54,42440.35,12489.58,461.0,11.5,11100.93,11,0
23,76023.68,6840.91,539.0,0.0,8823.31,5,0
32,43997.25,5843.48,676.0,6.7,9260.95,11,0
21,63176.98,12626.78,650.0,4.8,11491.77,7,0
64,79754.49,24233.72,720.0,12.7,678.21,5,0
25,82578.03,6726.69,528.0,3.1,12563.26,7,0
50,49657.47,21690.96,634.0,5.4,10634.7,4,0
50,64262.71,8608.52,523.0,18.0,14529.42,4,0
37,47810.22,1000.0,671.0,6.8,10964.73,10,0
43,105075.92,19372.8,540.0,0.3,14127.49,4,0
35,70602.52,28030.14,631.0,0.9,2462.75,11,0
57,56681.17,8154.12,667.0,8.6,4421.42,8,0
41,61251.24,2441.03,619.0,2.0,8916.24,1,0
34,63142.11,18639.32,469.0,6.1,3492.74,10,0
22,63734.87,7614.61,783.0,6.0,13132.92,5,0
31,50200.04,19293.17,610.0,25.3,0.0,12,0
59,47113.45,24211.84,521.0,3.2,7042.43,10,0
58,51962.93,17644.94,711.0,6.7,4601.04,2,0
54,32206.17,21478.15,714.0,0.2,3545.47,10,0
58,69365.49,21532.9,626.0,3.1,0.0,4,0
54,38965.9,22919.57,773.0,1.0,8250.8,5,0
38,33801.0,15361.69,591.0,9.2,7501.35,8,0
50,54712.91,21232.61,664.0,9.2,19426.31,2,0
35,52397.55,16315.21,691.0,1.3,22927.52,2,0
47,59992.69,18130.56,771.0,1.9,1592.2,2,0
54,43635.89,39413.69,495.0,6.1,0.0,14,0
58,47149.15,16932.8,833.0,6.7,796.05,8,0
53,68842.39,3017.92,744.0,5.4,7628.84,12,0
44,67624.34,13420.65,686.0,28.6,14751.03,14,0
35,66790.5,12515.79,586.0,10.2,5111.23,3,0
50,55679.35,12881.65,579.0,2.7,11469.67,5,0
62,58378.45,22627.54,673.0,2.0,3205.76,2,0
37,59608.78,24044.73,690.0,4.5,5077.27,6,0
25,41879.17,14154.92,679.0,8.5,9000.78,10,0
49,84480.93,3865.01,663.0,3.2,7933.19,6,0
24,81631.76,15792.76,685.0,6.7,7783.65,2,0
30,70884.91,10652.89,475.0,0.1,1509.21,4,0
37,46482.77,16683.24,629.0,13.0,15355.36,11,0
30,65782.88,14032.3,539.0,7.4,15309.99,2,1
37,74567.4,24730.86,647.0,2.5,15410.51,14,0
40,30536.06,17198.46,755.0,2.4,3936.65,10,0
44,88890.24,10678.47,577.0,0.5,8716.34,4,0
25,20212.25,3915.74,593.0,8.5,4850.75,13,0
54,69092.12,14615.89,582.0,7.3,2151.7,13,0
26,84065.65,14644.5,593.0,5.0,9709.78,11,0
22,52738.73,12900.31,694.0,0.5,0.0,7,0
33,51990.71,21202.59,713.0,1.5,13081.04,5,0
63,68353.22,3937.77,768.0,3.1,1023.81,10,0
63,92037.64,8899.65,570.0,1.5,6121.91,4,0
31,49378.65,15423.34,705.0,2.8,0.0,10,0
43,39380.9,10523.93,718.0,1.3,18846.55,10,0
36,46524.49,12146.33,782.0,2.2,11949.35,3,0
51,23949.72,14517.99,576.0,5.3,8515.23,13,0
31,72955.16,20487.72,490.0,11.1,3871.21,13,0
36,44718.34,14195.41,628.0,2.4,1605.64,13,0
28,50833.22,1000.0,850.0,5.9,6798.14,6,0
24,73192.42,10177.62,562.0,0.7,9813.27,2,0
60,47461.79,18966.27,689.0,3.9,6620.94,4,0
24,70181.81,21101.39,473.0,12.7,11185.52,12,0
45,34238.23,21542.86,795.0,0.1,19134.38,8,0
23,74174.39,23809.42,500.0,1.6,1561.08,2,0
52,61838.1,15947.5,459.0,0.7,9418.92,9,0
23,53228.42,17105.32,658.0,3.8,18447.29,2,0
47,57617.87,6888.73,659.0,5.7,6135.48,8,0
49,29264.77,1000.0,764.0,0.3,7165.75,8,0
52,57160.01,3659.34,718.0,0.4,10767.56,7,0
39,52166.6,9385.3,490.0,10.2,12056.58,14,0
41,29811.35,4122.36,638.0,3.0,14298.62,13,0
25,41578.49,12656.58,594.0,3.1,8655.67,10,0
38,52415.09,11303.29,543.0,14.5,3230.86,6,0
48,42854.16,22502.62,685.0,1.9,11364.58,1,0
62,15000.0,7246.91,733.0,11.4,2198.52,2,0
42,76527.75,16124.66,586.0,18.3,9991.75,7,0
41,52158.2,11641.86,623.0,1.4,8463.51,13,0
26,15000.0,6947.37,629.0,3.6,8316.44,11,1
21,97699.26,9178.31,597.0,3.8,7506.22,4,0
25,79827.85,1000.0,616.0,10.1,14011.43,9,0
61,48020.36,20986.77,597.0,1.8,11708.25,3,0
32,38150.05,26218.09,660.0,8.0,12167.41,4,0
46,63063.82,12860.27,603.0,17.7,5218.11,3,0
54,59046.54,15232.5,684.0,9.2,0.0,7,0
34,65841.8,12633.14,603.0,12.0,5617.26,2,0
46,38207.59,8439.27,702.0,6.2,10614.53,10,0
47,76955.44,20639.22,601.0,11.7,8194.39,12,0
29,45530.76,17552.55,698.0,0.9,5403.35,12,0
46,68615.31,1000.0,582.0,6.2,9328.59,2,0
42,39061.21,6723.11,721.0,6.6,6396.85,2,0
50,107962.88,1000.0,508.0,2.9,8292.8,14,0
63,68910.47,27443.31,650.0,0.4,0.0,12,0
37,112684.65,13625.37,605.0,4.9,12602.86,4,0
46,71552.04,16925.61,646.0,0.3,11676.94,8,0
56,43770.71,12173.64,555.0,2.4,20673.5,8,0
21,71587.62,23821.57,634.0,2.5,3728.4,8,0
28,73011.56,21885.64,561.0,34.2,4980.84,8,0
55,62466.48,13276.17,631.0,1.8,9045.58,7,0
35,67607.85,28743.94,624.0,8.6,7795.35,6,1
42,70234.54,16482.55,676.0,0.3,17479.2,12,0
34,35126.38,3319.0,655.0,3.8,5550.01,7,0
46,33702.83,15800.15,800.0,3.8,7077.66,13,0
48,39115.66,19139.53,609.0,5.0,4626.7,14,0
43,57550.85,13934.2,639.0,8.3,17141.74,5,0
34,50536.58,11708.14,850.0,7.2,10923.18,8,0
44,35488.59,29114.89,632.0,7.2,17425.32,2,0
22,70506.28,5513.1,726.0,2.8,25490.38,5,0
46,60660.9,1000.0,696.0,6.5,3423.11,7,0
34,58378.58,27952.43,837.0,3.4,14469.16,9,0
27,49840.21,5191.62,536.0,0.3,6459.57,10,0
23,47435.44,12707.06,526.0,11.0,3874.15,1,0
43,38173.38,11980.54,561.0,11.0,0.0,11,0
63,73674.81,24853.99,664.0,1.9,20770.2,9,0
38,40930.14,26478.85,570.0,12.3,14012.21,3,0
58,59187.81,4661.0,479.0,7.1,6647.43,1,0
55,88240.21,25855.28,576.0,2.6,11731.61,7,0
35,48354.85,25707.28,679.0,2.0,0.0,3,0
45,74214.04,15154.84,578.0,18.5,7433.71,8,0
57,66374.18,22460.34,741.0,6.2,3428.49,11,0
48,61229.35,23262.64,560.0,2.4,16673.42,2,0
30,63606.97,12980.58,651.0,5.1,17076.73,4,0
59,53101.87,13739.47,619.0,4.2,13342.71,12,0
37,55695.52,19714.62,665.0,3.7,13684.18,2,0
59,44037.72,1971.8,673.0,5.2,4100.79,11,0
42,55829.14,12169.55,777.0,3.9,12301.73,4,0
46,43295.48,5397.13,705.0,5.3,0.0,12,0
64,75113.1,26388.63,616.0,11.9,0.0,1,0
45,21010.05,12075.34,699.0,25.0,7367.11,13,0
37,64621.07,17210.99,710.0,6.2,11181.18,10,0
33,61731.73,13252.7,814.0,13.1,11588.81,5,0
40,59920.32,12732.13,637.0,9.8,457.87,3,0
45,75489.98,16687.73,643.0,1.7,0.0,9,0
24,49277.53,9154.85,755.0,13.5,5290.72,4,0
30,60108.68,13412.14,490.0,0.4,2741.53,6,0
23,20669.16,13353.26,634.0,2.0,11672.11,9,0
61,46693.66,11614.28,706.0,5.1,1922.83,2,0
38,72114.73,18128.46,734.0,3.7,19665.81,7,0
56,28216.77,11424.03,473.0,3.9,10174.16,3,0
42,58194.87,27888.92,543.0,7.9,7118.44,1,0
54,41449.66,20031.71,451.0,1.1,1116.03,9,1
28,52780.26,4205.52,720.0,20.1,73.23,9,0
60,42646.45,19407.02,666.0,2.9,6074.5,12,0
64,30056.09,9484.16,764.0,15.0,4526.96,11,0
39,62720.07,16085.52,652.0,2.4,0.0,4,0
62,54008.06,9150.44,829.0,4.6,16229.8,9,0
61,67252.58,1000.0,575.0,3.0,1368.68,7,0
57,70888.76,14826.13,621.0,5.6,10115.68,4,0
26,79505.17,3524.67,683.0,1.0,10653.23,12,0
46,57669.73,18357.72,593.0,2.6,0.0,2,0
54,80372.42,16398.28,683.0,0.4,5691.71,13,0
26,35484.51,10168.92,641.0,4.6,0.0,5,0
57,73179.2,29604.3,636.0,16.4,10445.59,8,0
53,64187.81,5085.7,640.0,0.2,8375.1,10,0
42,59661.85,10005.3,706.0,5.4,7536.31,10,0
41,63894.64,6034.47,623.0,7.5,3078.97,6,0
26,35785.22,31330.53,560.0,1.2,15086.22,12,1
26,31065.06,25817.95,655.0,1.6,5733.02,14,0
24,89196.56,3623.03,599.0,1.1,0.0,12,0
50,51625.56,8395.35,570.0,1.8,2334.25,11,0
31,51340.13,8666.73,512.0,0.6,0.0,5,0
50,32953.81,10594.18,724.0,2.3,4073.93,4,0
51,25364.43,6657.75,703.0,2.3,2545.68,11,0
44,53233.62,10153.99,763.0,8.2,12167.47,6,0
29,48168.24,23038.98,650.0,8.1,11433.37,13,0
23,55034.69,30575.3,736.0,8.0,9275.96,11,0
51,56743.08,2644.81,575.0,4.2,13682.73,3,0
60,104789.22,6671.14,497.0,2.0,929.58,2,0
57,48228.4,16708.48,590.0,2.6,9909.92,1,0
56,86598.8,2357.55,634.0,1.9,0.0,9,0
44,87840.48,16915.46,679.0,4.4,5138.93,1,0
51,70072.49,19320.82,752.0,13.9,10047.11,11,0
26,50297.47,20605.22,676.0,1.7,4809.42,4,0
22,27770.55,19097.16,831.0,3.1,17799.52,6,0
40,64558.88,10718.01,660.0,5.3,5911.78,9,0
48,75376.24,13546.64,658.0,9.3,12804.73,4,0
31,89953.75,5563.78,677.0,1.5,6412.83,7,0
24,36000.84,18714.71,680.0,1.6,8790.0,7,0
35,50129.47,27826.88,679.0,10.8,5809.81,13,0
26,36122.71,18697.61,551.0,0.4,9062.87,14,1
50,42330.44,9439.99,718.0,4.7,18359.89,6,0
58,68287.75,22958.33,850.0,9.8,17258.95,9,0
22,41413.9,33925.17,579.0,12.7,5076.99,11,0
35,38514.58,16945.2,647.0,0.1,6625.97,10,0
31,70939.92,19435.78,540.0,2.3,8305.03,7,0
28,64014.78,20421.61,710.0,1.5,11852.52,3,0
46,62000.22,2164.34,710.0,4.2,19126.91,6,0
64,41942.25,11711.02,530.0,5.0,15715.66,7,0
25,80860.47,10889.07,545.0,40.0,6399.46,12,0
26,55289.8,21678.93,483.0,3.6,10418.05,7,0
46,102603.8,20746.95,776.0,4.0,9354.34,13,0
24,58223.32,14034.11,583.0,2.7,4365.4,6,0
39,15000.0,10408.98,639.0,0.8,14081.27,3,1
40,15000.0,1507.23,621.0,1.8,0.0,6,0
53,67479.0,14876.7,729.0,1.4,14036.78,2,0
40,81009.88,7363.46,703.0,8.1,10471.21,10,0
32,39323.44,6371.99,699.0,3.9,0.0,13,0
21,97019.58,22410.15,585.0,1.8,1749.39,1,0
46,88259.98,21575.36,704.0,3.4,0.0,8,0
34,59210.94,11091.25,724.0,1.2,18180.66,3,0
58,65789.08,2447.65,702.0,1.0,2050.15,14,0
57,72890.6,8393.51,547.0,9.8,13461.18,8,0
31,92799.9,22946.03,560.0,14.5,13675.3,3,0
56,68642.72,18741.75,789.0,0.4,7275.97,2,0
33,58758.63,11225.56,806.0,7.2,4012.57,12,0
63,68446.02,15470.03,644.0,3.0,11076.59,8,0
23,65747.21,1000.0,644.0,2.5,9292.56,3,0
53,73488.2,1000.0,663.0,5.8,13617.43,8,0
26,23599.53,30817.01,696.0,1.5,960.16,2,1
30,61317.07,19052.21,535.0,0.1,14134.59,4,0
25,64208.81,15013.3,668.0,1.2,16086.08,9,0
43,53543.06,11824.35,568.0,1.0,6459.39,1,0
30,70683.33,1000.0,648.0,0.2,2264.1,2,0
64,93423.35,22945.71,579.0,1.9,5100.29,2,0
22,57764.34,5904.89,598.0,3.2,4159.22,9,0
33,68834.42,20633.46,665.0,6.7,6914.99,10,0
60,87125.3,16056.01,601.0,2.0,3571.21,5,0
22,58231.29,14583.24,562.0,1.1,10739.05,11,0
40,37230.74,4581.07,766.0,1.3,11820.15,13,0
21,67315.58,4687.6,563.0,11.1,5845.99,4,0
57,15000.0,18119.48,465.0,1.1,0.0,10,1
29,15000.0,15633.73,696.0,10.6,10658.16,10,1
37,61660.24,15377.34,627.0,3.0,0.0,4,0
29,15000.0,17288.33,648.0,13.6,9497.53,7,0
31,28696.65,1000.0,663.0,2.6,8431.21,3,0
35,47398.03,23121.15,752.0,1.0,6026.18,9,0
44,40571.67,12152.8,799.0,4.0,11869.0,5,0
58,52043.87,24357.16,670.0,4.4,10181.39,11,0
55,77257.4,1000.0,556.0,5.0,10326.09,9,0
50,59769.62,19552.21,662.0,2.7,12926.13,1,0
51,38213.59,19476.63,697.0,0.2,5523.07,10,0
25,82088.82,3110.94,730.0,4.9,5439.3,12,0
64,26422.86,9885.95,661.0,13.5,14463.34,14,0
34,59437.67,6523.95,605.0,15.8,11851.38,8,0
31,24198.28,21905.7,577.0,4.5,5181.83,2,1
29,60046.36,17471.11,641.0,0.1,0.0,14,0
54,48627.45,27790.79,530.0,0.6,10352.25,8,1
32,76644.76,16623.63,682.0,9.0,10915.45,4,0
55,69413.79,20857.95,664.0,8.9,725.65,2,0
55,43257.21,24376.09,664.0,14.6,2908.78,13,0
21,39421.21,19435.41,707.0,4.1,5553.03,2,0
60,48698.07,11926.53,766.0,10.0,10713.95,13,0
42,92511.43,10437.64,644.0,8.7,22901.46,6,0
49,87381.37,14362.13,656.0,4.5,14706.28,3,0
28,35634.64,21372.67,620.0,7.7,0.0,11,0
31,71004.51,8871.18,694.0,0.7,5382.72,14,0
61,20371.37,20217.23,649.0,5.1,7432.8,14,1
57,46053.15,17581.06,742.0,15.3,11014.73,10,0
34,36448.71,4973.55,741.0,0.9,3125.13,3,0
50,76385.59,19828.28,675.0,6.8,11507.18,9,0
55,29185.65,16135.37,644.0,1.9,4921.74,5,0
41,63587.0,10595.81,628.0,8.5,11497.61,14,0
57,55014.2,16019.43,688.0,6.0,8454.76,7,0
25,51491.02,10906.79,689.0,13.0,20272.6,12,0
39,88431.66,16981.38,628.0,6.2,13872.93,5,0
34,90193.94,13656.32,673.0,2.6,15883.33,2,0
46,52112.14,2760.61,588.0,0.1,1654.04,11,0
24,48081.67,13895.72,686.0,7.9,4807.43,11,0
45,24862.53,11458.53,595.0,2.6,9963.05,8,0
62,54914.82,20084.69,712.0,5.6,599.63,9,0
45,94066.07,22038.15,625.0,0.6,14272.3,11,0
38,52425.29,10927.99,784.0,11.1,8782.86,2,0
60,69575.19,8684.84,653.0,2.9,14599.57,2,0
28,27050.05,1558.77,669.0,12.6,10893.93,4,0
59,46304.5,8487.7,538.0,6.1,8269.18,13,0
60,64249.31,12413.85,763.0,0.6,7263.92,8,0
34,57117.25,4285.89,647.0,4.3,3386.88,5,0
52,71493.35,22145.09,789.0,12.0,3029.82,5,0
58,42946.56,17097.3,654.0,8.0,13332.0,7,0
53,20000.23,14036.67,633.0,2.7,12008.12,12,0
43,77441.8,14866.63,609.0,15.5,15404.42,4,0
35,36277.01,17448.36,701.0,1.6,4725.95,12,0
53,65132.08,20064.76,692.0,2.4,14735.53,9,0
45,64017.14,21472.06,543.0,6.9,6940.54,4,0
37,21724.94,12526.95,604.0,1.3,11479.61,8,1
53,75982.51,13864.52,708.0,3.6,15749.2,3,0
22,43668.66,16383.76,598.0,6.5,20426.23,6,0
34,56101.09,13537.91,585.0,5.2,14434.52,1,0
60,47836.35,21978.54,666.0,0.8,9216.9,7,0
60,87451.83,24818.58,657.0,5.0,11365.74,11,0
59,81869.8,17752.59,613.0,4.3,15494.04,7,0
26,18753.31,7734.47,791.0,4.1,12259.41,13,0
26,100176.54,19067.21,638.0,8.7,5604.5,2,0
23,41433.87,18069.59,549.0,1.0,11688.73,5,1
27,97048.73,7063.66,520.0,7.0,15821.85,4,0
28,49875.81,18060.8,732.0,7.2,18874.58,10,0
62,48181.67,10646.48,562.0,6.4,8372.82,13,0
35,50053.45,20968.75,652.0,3.5,1299.45,9,0
49,46984.21,19002.16,580.0,2.5,0.0,12,0
53,105487.93,16783.89,642.0,2.5,12773.83,13,0
50,53472.74,15308.37,678.0,6.6,0.0,2,0
59,48954.07,1000.0,541.0,3.4,9920.24,3,0
47,56540.22,5285.8,614.0,2.1,14466.06,13,0
56,35653.3,13953.59,596.0,4.9,7020.93,1,0
49,86942.41,27155.07,573.0,9.1,0.0,10,0
58,25578.38,19517.45,620.0,0.3,440.35,5,1
53,42719.83,29512.37,600.0,17.9,2481.1,3,0
57,73733.21,15663.9,720.0,0.5,7255.66,12,0
47,55847.04,14753.19,593.0,3.6,15224.88,4,0
53,65984.3,26401.0,686.0,4.1,8070.54,4,0
24,85663.28,13726.29,683.0,0.7,20919.79,6,0
42,75076.03,7108.24,530.0,12.4,14245.28,10,0
22,57749.53,17534.03,610.0,3.2,9772.88,7,0
30,96786.85,23980.11,641.0,0.8,7570.66,7,0
25,42433.28,8392.42,671.0,6.2,5014.0,14,0
30,52993.81,19712.35,631.0,5.4,8895.75,11,0
53,54391.19,14254.11,733.0,16.5,11254.15,8,0
58,52951.56,18610.8,658.0,2.9,9927.28,3,0
33,33615.79,17508.27,686.0,1.6,5008.35,5,0
51,23327.0,11685.56,603.0,0.3,1808.47,12,0
56,63344.03,14150.5,687.0,6.6,19175.39,10,0
44,42330.52,12174.18,805.0,4.8,11805.49,6,0
35,93156.18,15949.99,692.0,18.0,10133.02,14,0
49,53549.15,8231.22,738.0,6.2,11038.33,12,0
28,49970.21,10143.32,627.0,13.5,14608.17,6,0
25,76886.8,11688.32,724.0,23.9,5192.8,12,0
49,63043.85,18133.62,731.0,2.8,7222.1,8,0
24,51489.65,3675.73,670.0,0.8,3484.99,13,0
32,42185.37,14142.96,644.0,1.1,7956.86,5,0
22,128154.04,9334.33,530.0,1.9,3944.34,5,0
47,62235.72,11708.7,647.0,3.6,1961.76,1,0
51,76688.59,9718.65,695.0,0.7,0.0,1,0
56,34541.09,16556.58,589.0,1.8,17948.22,6,0
56,43440.29,13743.09,548.0,1.8,5992.74,10,0
46,97246.92,20692.88,658.0,0.0,10920.53,10,0
63,82938.62,18213.85,668.0,2.2,8578.15,5,0
47,64152.44,2703.63,542.0,0.6,10983.36,11,0
25,47368.58,7320.01,653.0,2.8,0.0,10,0
40,50319.28,13615.14,673.0,1.1,5180.68,6,0
31,41477.79,14656.52,756.0,8.6,14957.25,9,0
30,31863.01,8025.75,612.0,0.4,19658.41,8,0
60,73476.88,25431.79,817.0,10.0,5812.91,7,0
58,65776.62,21917.5,654.0,4.3,6504.45,7,0
26,69721.58,1842.07,554.0,3.1,14398.49,6,0
28,48262.04,17763.41,624.0,4.0,10644.37,6,1
43,60112.78,14633.63,561.0,2.4,8177.83,1,0
46,46359.12,24951.0,637.0,0.7,7612.69,12,0
63,40453.84,2440.93,687.0,7.3,4577.14,7,0
32,88341.25,31478.84,671.0,13.1,4367.29,5,0
46,57430.15,8256.43,560.0,15.0,8792.24,7,0
33,65149.09,18028.21,550.0,5.6,9899.96,6,0
60,71715.08,10149.14,684.0,2.6,10212.23,8,0
38,57680.82,11990.73,702.0,3.3,3887.19,3,0
45,59812.65,1484.66,611.0,5.3,15995.58,8,0
53,33267.5,24575.09,447.0,8.7,0.0,13,0
60,37077.7,12842.82,557.0,2.3,11177.7,7,0
63,36043.7,13386.74,729.0,12.4,4760.4,1,0
32,67109.17,33499.86,591.0,2.0,2804.65,3,0
64,56417.81,22675.54,622.0,3.8,6051.03,10,0
56,37079.37,9653.11,694.0,16.3,0.0,4,0
24,66601.98,10117.95,625.0,13.9,10125.65,14,0
25,65869.13,17078.41,762.0,5.9,17686.91,9,0
57,41100.68,21165.84,620.0,2.0,4134.33,12,0
28,54443.45,29019.54,581.0,1.2,22105.19,6,1
62,65942.83,2135.21,745.0,0.4,2834.83,7,0
48,37832.89,20816.15,654.0,6.2,5460.58,14,0
51,66324.54,22101.35,564.0,3.5,16158.87,5,0
29,61020.47,8683.95,688.0,4.2,817.25,3,0
49,35016.01,12117.92,626.0,3.2,6640.28,5,0
34,59395.93,1957.35,558.0,3.3,18314.31,12,0
60,62312.97,10992.85,658.0,4.2,926.46,7,0
61,42479.98,16856.75,637.0,12.3,11543.31,9,0
42,44054.33,27752.94,515.0,0.1,11063.52,12,1
31,34831.6,28490.92,565.0,8.1,0.0,9,0
43,46020.02,6765.6,799.0,2.5,4306.6,12,0
21,54758.36,26662.87,657.0,6.8,22288.95,8,0
57,44109.56,1000.0,758.0,14.8,9342.77,5,0
41,25302.24,10320.56,675.0,1.8,10303.01,7,0
46,41228.24,12585.52,749.0,0.5,9427.62,4,0
56,46654.16,17014.32,694.0,1.3,20256.81,10,0
43,71336.77,15852.08,574.0,1.3,2157.34,5,0
21,66895.3,17925.59,699.0,6.8,3929.24,12,0
60,71724.42,13536.34,574.0,0.3,7335.47,4,0
35,40219.62,22676.71,724.0,0.3,11334.4,3,0
41,57831.02,20534.69,667.0,5.9,8922.25,13,0
29,15000.0,12683.5,652.0,4.1,9091.94,11,1
29,63578.41,21739.15,615.0,2.7,4686.88,13,0
30,67217.95,31547.48,714.0,4.3,11642.67,1,0
46,47967.5,9613.93,637.0,6.6,0.0,13,0
61,60908.6,28402.69,497.0,0.5,4714.66,5,1
55,24701.51,10332.2,513.0,4.0,3072.91,12,0
45,38978.66,26282.61,548.0,8.7,1392.58,2,0
46,70308.98,10632.51,713.0,2.3,0.0,6,0
31,65225.07,21125.3,719.0,7.2,9395.1,5,0
58,46762.91,16437.06,676.0,9.3,10577.56,11,0
22,71227.25,1000.0,675.0,8.6,10620.35,2,0
27,57765.96,30324.42,766.0,5.3,13647.81,8,0
38,44915.58,7836.38,677.0,6.3,14692.89,5,0
47,51343.45,4843.21,701.0,7.7,0.0,2,0
54,45891.65,9884.49,649.0,6.6,11785.59,1,0
47,31324.48,35249.98,613.0,3.0,9094.96,2,0
37,80133.72,4970.29,628.0,0.9,9028.15,1,0
63,43639.51,16425.95,814.0,1.9,7256.82,10,0
64,38352.79,6014.7,563.0,1.2,4697.64,10,0
44,24413.03,7386.33,675.0,2.2,11167.29,3,0
45,15000.0,2204.62,529.0,3.4,2117.68,14,0
27,69029.94,17521.35,601.0,16.0,14617.13,3,0
26,70872.17,13710.24,712.0,16.0,5014.03,12,0
44,78860.77,5949.07,505.0,7.3,0.0,10,0
53,52019.21,21985.63,722.0,19.6,8675.65,1,0
49,48560.15,22829.77,814.0,31.1,935.56,7,0
63,44845.54,18257.75,679.0,10.8,810.8,10,0
42,46668.85,24365.36,751.0,0.4,12102.78,7,0
46,77395.81,12207.92,670.0,2.8,13608.2,13,0
48,54469.7,17579.0,707.0,3.8,7345.88,9,0
41,62561.42,12238.8,686.0,0.7,0.0,5,0
27,46159.86,2941.34,609.0,8.3,11188.52,4,0
37,81416.96,16753.97,602.0,0.8,6082.71,5,0
40,16905.22,16269.42,745.0,2.4,16269.57,8,1
61,30589.52,14758.45,647.0,0.4,19802.79,8,1
40,62594.21,17991.0,639.0,3.7,0.0,12,0
42,90012.22,26295.22,637.0,4.5,22835.5,4,0
48,50498.0,13364.64,675.0,6.6,0.0,12,0
60,38152.58,7342.65,555.0,2.1,4769.82,8,0
27,75013.25,13017.99,635.0,4.5,14157.76,13,0
21,61473.97,13905.28,675.0,6.6,3670.1,4,0
52,80804.28,22868.71,548.0,7.2,3120.0,4,0
33,29192.98,15853.3,667.0,1.8,0.0,11,0
50,79233.37,5814.49,578.0,0.4,0.0,8,0
43,24030.85,21443.66,675.0,0.2,3113.96,14,0
39,49236.56,20161.02,823.0,7.3,12646.41,2,0
52,63255.66,15856.82,640.0,2.4,18071.09,4,0
50,58720.27,22585.97,564.0,0.7,3448.49,1,1
49,76211.85,23924.86,669.0,1.0,5595.37,1,0
49,18466.8,11980.48,688.0,7.3,2036.77,11,0
50,57820.15,7798.71,575.0,4.6,0.0,13,0
36,78992.84,14904.99,513.0,3.5,0.0,13,0
60,56185.88,19292.89,575.0,4.9,346.96,13,0
39,32153.21,14157.16,646.0,0.7,7699.48,8,0
38,75150.15,7092.61,614.0,1.9,4229.39,4,0
21,42033.79,16301.38,736.0,2.3,5736.52,14,0
34,38513.54,1000.0,691.0,1.9,10380.85,6,0
22,35997.28,12404.31,658.0,10.0,7444.92,5,0
48,51026.3,21809.33,510.0,4.4,1012.55,13,0
50,58661.2,22243.51,700.0,6.5,13743.66,10,0
58,29618.0,1000.0,808.0,1.4,0.0,6,0
24,33727.08,13459.33,719.0,1.5,3356.38,4,1
21,41110.34,19794.21,597.0,1.3,18333.03,4,1
28,35900.23,5591.34,639.0,5.8,10043.0,7,0
49,55735.16,12024.36,687.0,2.1,0.0,1,0
59,62224.43,24661.73,761.0,2.6,0.0,9,0
23,59477.48,11126.69,594.0,6.2,5960.43,10,0
52,59506.64,27789.13,613.0,17.8,5080.29,3,1
30,88419.83,9070.51,647.0,0.9,12254.43,4,0
30,63473.67,26279.04,640.0,0.3,14784.49,9,1
39,70679.28,15268.51,713.0,1.1,4906.31,5,0
54,46707.69,7973.38,671.0,6.6,7367.93,12,0
53,73880.12,26305.71,538.0,1.1,1804.6,4,0
43,45752.95,5348.2,597.0,4.4,7053.0,12,1
48,63228.97,8632.22,600.0,4.5,1849.8,6,0
52,27572.66,18919.36,473.0,1.7,8146.27,1,0
27,58324.68,15646.54,724.0,0.4,4241.13,10,0
49,35492.4,17191.71,661.0,2.5,11753.82,1,0
28,73720.71,12053.45,607.0,1.0,14296.44,5,0
21,72517.53,5404.85,722.0,1.0,15763.64,5,0
23,45667.45,9781.95,674.0,3.7,8216.53,11,0
44,95991.5,25563.19,547.0,5.6,11642.78,9,0
43,49282.43,4304.15,699.0,0.4,5002.36,1,0
28,22759.62,28155.74,760.0,4.3,2954.95,3,0
57,39417.64,17526.87,639.0,1.4,0.0,3,0
23,34117.18,10225.56,645.0,5.6,10151.49,4,0
53,62592.04,1000.0,659.0,8.3,0.0,12,0
48,30292.74,1000.0,553.0,8.2,13237.72,13,0
28,44215.72,12152.93,661.0,2.3,5847.18,7,0
54,61291.04,11183.65,579.0,4.2,6243.92,7,0
55,57772.92,15941.99,649.0,7.9,12043.96,10,0
52,54747.12,28753.15,663.0,0.3,0.0,5,0
44,57520.01,19300.75,692.0,4.7,6667.98,14,0
34,47590.0,13970.49,695.0,9.1,17470.59,9,0
52,22924.96,24734.75,576.0,2.3,6296.72,7,1
63,47063.24,16205.23,665.0,3.0,61.23,2,0
36,64375.0,27797.67,726.0,6.0,5920.7,12,0
24,52261.3,9623.31,558.0,0.4,15853.46,3,0
57,62829.77,5817.67,790.0,2.4,3409.34,11,0
41,43264.34,1000.0,572.0,1.8,0.0,7,0
34,74886.72,14156.71,780.0,0.1,5198.67,5,0
51,15000.0,5122.87,574.0,1.1,0.0,7,0
38,57828.81,5009.57,646.0,2.5,0.0,9,0
27,81977.61,23274.56,635.0,1.1,12522.03,9,0
30,84953.97,1223.19,541.0,4.6,14288.29,3,0
27,50363.48,15828.47,706.0,3.0,10514.06,8,0
53,28476.04,14334.14,710.0,0.2,13360.9,13,1
43,82329.46,15737.05,700.0,1.6,5561.82,6,0
41,53962.7,26072.82,630.0,0.1,16110.53,13,0
39,51820.61,8394.47,594.0,2.2,4229.87,4,0
39,37142.91,26079.59,738.0,1.5,8003.09,4,0
56,30002.25,1000.0,667.0,5.8,2937.99,4,0
49,66277.26,20205.93,589.0,1.8,0.0,7,0
38,68397.43,26810.99,667.0,2.4,4184.87,6,0
22,59030.88,1000.0,516.0,6.5,21375.3,2,0
21,39719.08,14716.86,659.0,3.3,17200.14,5,0
25,33700.02,14066.15,702.0,4.1,12650.73,5,0
40,26355.03,15574.79,636.0,9.2,5428.69,6,0
31,43789.1,28692.46,707.0,1.2,5292.52,7,0
62,34882.93,8890.95,715.0,22.6,18279.79,12,0
22,20813.81,5523.93,672.0,11.5,8133.88,11,0
23,68026.9,15632.98,791.0,1.7,12743.91,8,0
43,28618.72,23994.51,758.0,11.2,4677.68,12,0
32,74678.45,19469.08,700.0,7.0,6216.1,10,0
40,62881.43,15274.58,678.0,13.4,12684.02,14,0
25,60886.82,13166.15,629.0,5.9,3587.58,8,0
57,88306.18,1000.0,598.0,5.6,10089.62,11,0
58,29283.95,19686.9,714.0,0.0,3798.06,5,0
50,72475.44,20642.72,634.0,3.2,11061.09,2,0
29,49047.15,9461.33,569.0,1.1,3618.02,10,0
54,106421.4,11282.24,586.0,2.0,18515.39,8,0
64,47384.11,6614.17,596.0,19.3,7614.55,6,0
55,44153.83,21944.99,790.0,0.4,12646.95,3,0
42,63510.72,12073.07,718.0,6.4,7876.03,4,0
64,50821.83,13805.56,653.0,0.9,4991.78,12,0
44,39830.74,20034.11,683.0,0.0,11445.82,1,0
37,35594.46,17615.79,692.0,3.5,14922.81,3,0
30,84164.09,19506.25,581.0,0.9,0.0,4,0
50,31730.77,16398.7,557.0,16.8,8786.21,2,0
43,59461.75,16576.95,734.0,1.1,7351.46,14,0
52,76123.68,16501.1,542.0,1.1,9258.63,12,0
37,77089.9,18623.33,649.0,0.2,16123.09,6,0
37,42966.95,19012.06,592.0,2.0,12897.67,8,0
34,50876.3,5202.34,668.0,0.1,14939.9,12,0
29,46996.13,10222.45,630.0,3.5,9578.62,6,0
60,24299.62,13373.13,693.0,3.5,5398.28,10,0
22,65750.35,18614.55,465.0,0.3,0.0,3,0
45,55770.07,27779.39,740.0,1.4,16491.94,9,0
59,83811.7,8494.22,709.0,8.9,0.0,14,0
29,38535.9,22029.21,731.0,3.1,17525.42,4,0
42,76773.93,10448.43,722.0,2.9,12445.57,14,0
63,78184.68,25964.13,675.0,6.0,19811.32,6,0
24,55941.43,30298.75,599.0,6.3,9594.27,4,0
46,15000.0,1015.89,685.0,7.2,11001.8,4,0
49,44748.65,12389.33,673.0,8.9,6888.44,11,0
54,90717.42,1000.0,720.0,1.3,8454.75,2,0
43,60941.12,1481.31,700.0,0.3,3651.6,10,0
57,68867.99,1979.8,658.0,2.4,7295.48,2,0
31,53216.67,19992.53,685.0,9.7,2920.95,2,0
26,50531.14,18495.87,692.0,0.4,8277.34,2,0
38,17653.11,21409.96,737.0,4.3,7846.11,8,0
41,70894.78,19863.33,789.0,6.0,7878.95,10,0
62,76593.62,18880.52,698.0,3.3,7458.22,4,1
56,35982.75,15894.86,692.0,1.5,4291.61,4,0
61,51422.9,13952.96,632.0,2.0,11357.29,10,0
58,48725.17,23156.78,623.0,0.4,9889.46,10,0
54,63403.07,15098.22,592.0,1.7,9657.63,11,0
37,44112.73,19201.43,394.0,0.2,2349.31,14,0
57,73626.82,1000.0,583.0,6.5,12040.0,3,0
45,56426.49,5599.45,636.0,11.4,3417.25,5,0
58,15000.0,22841.79,625.0,5.0,4863.41,4,1
32,63854.41,9652.52,687.0,5.3,8550.47,7,0
43,74927.02,3837.14,586.0,3.2,14900.93,10,0
62,31958.77,20130.34,589.0,0.8,753.05,7,0
42,63174.54,15010.67,481.0,0.0,2068.05,6,0
41,91599.19,11744.49,688.0,2.1,0.0,7,0
47,57241.33,27072.89,579.0,7.0,11037.27,12,0
51,77832.58,25699.47,593.0,16.1,5976.35,7,0
26,46156.9,13497.3,695.0,2.8,10546.47,13,0
47,54640.71,20779.0,579.0,2.3,10029.45,8,0
60,50907.57,1000.0,680.0,3.0,12728.2,11,0
54,47257.59,23746.87,553.0,2.8,8008.64,13,0
32,52045.56,6307.31,648.0,4.9,3744.19,1,0
27,22386.36,3382.86,601.0,6.6,9392.08,3,0
30,48382.4,1000.0,629.0,7.7,10487.34,12,0
37,81756.13,1000.0,771.0,5.2,5909.89,3,0
46,35726.2,23642.6,519.0,2.9,8545.0,5,1
41,33677.33,20049.16,764.0,15.0,0.0,10,0
48,56224.25,8873.12,576.0,6.2,365.05,14,0
22,57223.66,21839.19,720.0,2.8,0.0,13,0
63,62549.29,10240.15,735.0,3.0,9731.35,13,0
21,52725.23,17589.2,684.0,8.5,12439.79,7,1
56,56437.28,11141.53,553.0,2.9,0.0,10,0
46,47982.3,14040.29,672.0,3.6,8966.68,6,0
49,29484.08,7734.42,850.0,1.7,10682.97,4,0
41,53572.16,8921.46,651.0,9.1,5604.17,6,0
31,69491.94,19352.77,642.0,3.7,17609.29,7,0
60,65301.09,20638.23,634.0,4.0,0.0,4,0
31,20115.16,11687.01,691.0,10.6,5734.65,11,0
56,60038.51,2795.68,643.0,12.7,0.0,8,0
59,37144.61,34769.98,673.0,8.7,10073.76,5,0
60,82843.28,15293.57,627.0,0.3,3608.45,3,0
55,61525.4,17497.13,567.0,2.9,0.0,2,0
54,72925.68,4909.36,836.0,2.1,11564.06,1,0
44,55423.36,24721.87,642.0,1.2,7058.82,4,0
42,53678.9,25943.16,850.0,12.0,6158.14,2,0
25,84916.9,1335.72,684.0,11.0,14764.63,12,0
53,74455.49,14180.91,698.0,3.1,3312.62,3,0
56,57357.17,13556.5,625.0,0.7,11863.72,1,0
40,51006.67,34107.57,603.0,0.1,12735.8,14,0
39,20856.51,26548.91,627.0,2.9,4624.99,13,1
55,61491.35,3393.77,583.0,0.2,8050.81,6,0
63,52477.92,9175.58,576.0,4.7,18072.46,4,0
37,66079.12,7856.05,793.0,4.7,1941.25,5,0
63,72156.38,17973.41,714.0,11.5,11329.58,8,0
54,79658.42,27577.67,770.0,1.1,8372.67,11,0
29,61739.86,15873.39,740.0,2.3,15624.11,4,0
46,34072.79,19009.33,602.0,9.8,7797.59,6,0
22,15000.0,9685.53,527.0,3.2,12114.52,3,1
29,38506.0,18966.46,613.0,0.3,0.0,8,0
29,81669.77,11224.66,657.0,0.6,0.0,13,0
60,91469.83,1873.92,742.0,8.4,1704.57,3,0
37,50241.98,18446.97,646.0,6.8,5350.73,7,0
21,25780.81,14921.18,850.0,10.4,5874.96,7,0
45,42031.73,6222.42,615.0,0.6,14553.67,3,0
63,77756.12,28163.08,697.0,7.1,5642.07,3,0
60,43179.74,8868.37,602.0,5.3,8142.96,10,0
62,66782.48,19872.81,683.0,1.3,8837.37,10,0
45,58371.17,12099.61,640.0,18.2,4210.99,12,0
59,69200.07,27348.62,630.0,4.2,7890.17,11,0
55,91360.22,13099.3,600.0,11.9,14306.97,14,0
23,66795.63,1602.98,662.0,9.8,9795.15,8,0
57,57938.33,21480.02,717.0,2.0,11559.24,11,0
64,93567.47,27316.35,572.0,3.8,9999.32,3,0
64,61991.04,11579.11,646.0,2.8,17882.74,2,0
50,39141.05,20431.08,689.0,6.2,1685.6,5,0
58,68749.31,16035.45,705.0,4.4,23003.7,11,0
54,63949.11,11938.27,799.0,7.7,13978.05,7,0
32,48841.95,21726.08,696.0,0.1,15068.84,8,0
39,44648.28,8599.71,618.0,5.8,15859.73,1,0
57,49034.81,15259.96,605.0,1.9,14218.06,12,0
64,44362.21,17058.85,604.0,1.3,259.34,2,0
37,49684.8,16768.71,599.0,8.1,1201.96,13,0
30,38144.07,8796.75,667.0,0.5,12195.26,7,0
32,62723.09,31476.84,684.0,1.3,11465.48,9,0
36,61224.03,25097.96,716.0,1.1,13314.81,3,0
44,61904.04,22923.3,703.0,2.7,8279.87,14,0
39,53752.61,26465.7,750.0,1.9,96.28,8,0
28,51446.73,15550.09,596.0,6.4,7339.23,14,0
51,83840.12,12029.68,781.0,6.0,12448.18,10,0
41,56348.12,6287.71,600.0,2.0,6480.97,3,0
37,80275.34,9372.55,678.0,2.9,7971.46,4,0
43,35071.68,6887.81,634.0,1.2,8180.32,2,0
57,66783.56,10775.16,648.0,5.6,4867.96,9,0
36,40305.94,17211.81,704.0,2.5,3116.55,14,0
26,43876.96,22312.2,535.0,0.7,20650.25,5,0
28,46761.88,22090.83,584.0,0.7,17351.6,5,0
45,45508.02,5627.94,710.0,1.9,14420.85,4,0
38,45607.91,20513.03,650.0,6.9,10490.19,13,0
45,79345.5,24150.86,629.0,0.1,1971.8,5,0
32,55908.22,12966.12,560.0,1.5,13323.81,12,0
35,59501.11,24582.0,630.0,0.9,14691.86,14,0
46,45856.8,22006.4,704.0,15.7,5933.15,1,0
61,72138.79,4883.27,605.0,6.1,1593.8,10,0
46,62101.13,32533.89,759.0,1.3,10561.52,14,0
52,48821.43,9274.82,736.0,1.2,14407.49,10,0
30,23314.32,22659.36,622.0,9.8,4159.76,12,1
36,59325.93,22369.78,602.0,1.1,11172.26,6,0
27,66513.59,5207.9,429.0,29.1,2555.36,11,0
37,35423.04,16431.84,564.0,1.7,1179.92,4,0
43,49092.11,22271.33,559.0,0.4,9229.2,12,0
46,65743.21,5123.09,536.0,5.9,3113.67,4,0
41,23581.44,15796.93,647.0,4.7,10580.52,12,0
42,42022.96,22941.38,675.0,40.0,0.0,13,0
27,62538.18,23457.92,795.0,8.1,2857.8,5,0
34,77100.37,11823.42,655.0,2.8,14174.63,14,0
35,98715.6,27354.95,487.0,5.6,12155.09,1,0
27,94173.1,25444.18,590.0,8.5,10514.24,4,0
29,57875.39,16929.82,699.0,3.6,5327.11,10,0
28,45315.46,9728.39,643.0,1.6,8082.26,3,0
43,73462.45,5673.19,719.0,1.2,6651.44,5,0
49,44128.14,18020.37,609.0,1.7,22002.65,10,1
38,39758.09,26716.1,742.0,9.4,9898.61,5,0
51,48894.68,13822.78,670.0,2.4,3400.35,8,0
50,46386.53,8127.35,672.0,1.7,7514.52,14,0
59,63252.61,21599.39,662.0,8.2,0.0,1,0
55,42951.97,16396.1,589.0,0.2,0.0,3,0
38,56702.44,19127.24,645.0,4.5,16776.28,5,0
62,86899.07,10797.77,674.0,10.3,9642.13,11,0
59,57442.81,12041.19,538.0,2.6,5290.47,3,0
37,85334.85,10760.03,656.0,1.6,7840.87,6,0
34,79041.13,18993.35,747.0,3.4,7374.99,10,0
51,66840.8,12284.83,685.0,6.3,8405.54,13,0
44,47916.94,19739.39,759.0,3.6,14886.49,3,0
55,75810.16,10029.03,683.0,0.0,11212.62,6,0
64,50000.5,18980.01,578.0,0.4,5542.49,8,0
54,54959.81,20630.25,713.0,6.4,0.0,4,0
23,61603.97,17652.34,559.0,2.6,1986.13,8,0
57,54892.65,22336.35,633.0,7.7,12550.74,7,0
63,40594.65,11148.35,628.0,5.2,17372.59,11,0
60,24458.02,20541.14,596.0,4.4,2732.32,11,0
46,74182.66,16866.76,840.0,11.6,1825.33,13,0
43,66406.84,8522.13,644.0,0.1,5405.7,4,0
64,20587.78,1000.0,795.0,0.8,18706.44,3,0
59,40064.25,1454.72,677.0,4.9,8886.21,5,0
35,58581.31,1000.0,584.0,0.3,3426.43,5,0
24,63851.45,18409.03,617.0,5.2,5833.21,14,0
49,24630.93,12401.85,647.0,20.7,4830.89,7,0
42,53215.23,15697.7,623.0,10.6,12224.8,11,0
45,65793.09,13556.79,628.0,4.5,19720.89,1,0
33,47969.76,19653.36,696.0,11.2,8784.99,9,0
38,60116.59,19887.3,679.0,0.6,14562.53,2,0
53,45248.96,15343.21,705.0,3.0,0.0,9,0
36,73183.93,15827.36,772.0,2.8,22046.03,9,0
62,39014.29,16146.92,612.0,2.1,0.0,13,0
64,32158.44,26134.26,739.0,0.0,15271.08,13,1
22,55578.54,1000.0,761.0,11.1,10031.73,14,0
55,26329.48,9635.83,754.0,7.5,451.37,3,0
62,15000.0,21922.09,509.0,5.3,13006.71,7,1
54,76674.71,23863.22,794.0,0.7,7825.52,3,0
50,35315.51,18417.6,599.0,2.4,2529.66,8,0
33,28326.97,13526.98,503.0,12.9,8064.4,8,0
33,38764.82,29892.48,792.0,4.8,0.0,13,0
38,37866.99,16422.49,691.0,4.6,5105.85,3,0
52,52157.77,15246.29,694.0,12.2,2213.4,5,0
52,33130.27,25654.28,623.0,4.1,6905.66,7,1
55,64963.72,18804.41,665.0,4.6,0.0,1,0
59,67924.68,22518.64,639.0,2.1,0.0,3,0
49,29500.17,23455.78,600.0,2.3,2905.44,1,0
49,42638.07,12020.23,652.0,5.8,7770.15,2,0
64,44538.86,29141.85,659.0,1.9,2160.48,14,0
36,51699.85,1000.0,544.0,4.1,10769.28,14,0
64,76653.67,1000.0,654.0,1.6,12212.53,7,0
30,77806.27,9558.28,507.0,0.9,2935.18,7,0
50,104977.35,11613.12,804.0,3.0,16342.82,3,0
45,15000.0,17901.0,642.0,1.2,6182.6,13,1
59,36514.09,9484.44,564.0,11.4,18989.2,6,0
40,91280.18,14904.65,691.0,1.8,6442.26,13,0
25,18985.99,13358.86,590.0,4.5,1270.18,6,0
21,90825.3,31035.72,648.0,1.5,15368.55,2,0
50,57947.03,8560.19,686.0,1.5,1751.58,13,0
23,58682.66,1535.64,569.0,2.2,14826.23,9,0
34,29404.04,23952.0,806.0,12.4,8723.75,13,0
50,45976.74,9288.35,814.0,2.5,4664.68,8,0
24,89947.53,14266.69,608.0,8.6,3389.43,2,0
38,54046.34,9830.6,560.0,1.1,7482.53,12,0
57,46110.02,20897.41,608.0,0.2,12079.09,4,0
45,63114.38,4005.8,612.0,7.6,7759.46,9,0
21,51155.65,1000.0,739.0,3.9,16877.05,4,0
35,61903.02,25365.73,609.0,3.5,945.38,7,0
29,38005.17,16979.77,557.0,1.6,7420.32,5,0
35,53456.95,23581.16,658.0,0.4,14603.96,10,0
44,42178.47,25097.7,531.0,3.3,776.61,6,0
24,18920.67,7668.27,735.0,10.1,14241.58,1,0
32,64639.16,15485.32,698.0,0.6,8118.78,4,0
57,30324.54,19043.11,602.0,13.2,8660.71,5,0
57,51705.18,14133.66,611.0,1.6,5962.68,6,0
63,73521.36,12502.79,670.0,3.8,746.22,6,0
26,25043.73,13290.79,562.0,0.3,7527.14,5,0
59,67093.68,23668.34,587.0,2.8,4665.3,3,0
44,49003.73,12927.9,632.0,0.7,17145.83,11,0
31,35669.53,19801.84,544.0,0.2,11062.54,2,1
33,95458.47,17775.14,614.0,17.0,8206.99,7,0
54,54988.87,7286.54,564.0,6.5,15906.43,1,0
45,43638.14,17415.76,764.0,6.3,7663.33,12,0
27,39395.74,2690.63,618.0,0.5,12217.28,12,0
24,72623.25,18211.47,574.0,13.3,14985.27,5,0
28,42758.88,22128.94,704.0,3.2,6366.4,4,0
40,70130.36,23971.31,600.0,9.6,10609.65,7,0
49,54950.4,7378.48,562.0,0.1,5379.85,2,0
30,77323.76,10710.77,721.0,1.8,14877.1,11,0
63,34149.21,17272.52,624.0,27.7,7836.54,13,0
54,36938.74,11192.6,717.0,2.8,16223.72,8,0
46,49379.89,1000.0,649.0,11.0,9193.14,9,0
61,51038.67,10666.43,660.0,2.0,23275.17,13,0
23,47908.86,17241.61,695.0,3.7,3757.08,12,0
26,107628.81,23540.23,599.0,9.6,13158.21,10,0
25,96264.94,28513.67,585.0,4.7,7741.08,1,0
25,60981.1,15999.58,746.0,6.5,6649.33,5,0
43,63339.44,19531.96,696.0,1.3,0.0,4,0
29,50271.36,22686.27,645.0,0.8,8436.69,5,0
55,34003.49,1000.0,714.0,1.3,2154.37,9,0
40,51358.56,6846.27,693.0,3.4,6141.88,12,0
62,70422.36,15820.5,725.0,8.1,2390.24,3,0
55,81112.54,27447.56,559.0,2.2,3193.04,14,0
38,74914.17,20038.09,645.0,4.2,1563.96,1,0
37,24804.51,17637.6,740.0,8.2,1625.86,11,0
44,49215.45,13175.1,784.0,1.4,0.0,3,0
23,25622.65,18414.35,607.0,10.7,10257.28,4,0
52,78376.87,10228.48,663.0,15.3,8108.58,13,0
55,46752.31,8761.37,652.0,0.2,12246.75,13,0
58,54057.8,9456.5,550.0,0.3,5648.65,2,0
33,64601.01,25723.85,627.0,0.5,4041.48,1,0
45,110322.8,8277.98,524.0,7.5,7472.8,1,0
29,60365.5,11809.78,637.0,1.0,12210.2,8,0
24,50234.58,18768.09,567.0,6.5,9799.04,4,0
34,30179.16,7958.52,664.0,2.9,8077.64,12,0
57,84172.79,16809.31,625.0,9.0,11986.3,2,0
54,51367.27,16806.43,624.0,8.3,8030.3,10,0
31,88142.85,10004.37,774.0,16.1,4450.84,3,0
61,77112.26,12929.76,656.0,1.4,13445.24,8,0
23,45740.88,7451.39,800.0,1.3,509.83,6,0
48,27154.48,26062.13,686.0,0.2,0.0,8,0
49,60451.38,17060.75,715.0,2.6,7850.35,10,0
29,42701.93,6610.86,580.0,3.1,8515.0,5,0
23,55786.92,16010.54,595.0,16.7,9398.14,3,0
45,75980.99,16372.75,651.0,8.9,6034.32,6,0
54,21928.36,1000.0,747.0,0.9,16118.51,10,0
32,60292.28,25723.55,621.0,8.0,0.0,8,0
62,70191.92,7083.14,535.0,1.0,8809.91,14,0
29,71162.21,31721.72,682.0,0.4,12551.88,5,0
35,27729.16,21362.33,655.0,9.1,16306.11,5,1
60,63386.73,5985.36,606.0,18.6,16005.97,3,0
45,79070.73,12486.0,620.0,0.5,1422.88,3,0
25,61864.68,22380.95,580.0,8.4,10172.83,13,0
31,52686.12,13097.98,724.0,9.8,6715.73,12,0
54,77792.26,24425.9,652.0,0.6,7886.31,8,0
44,41113.62,11991.45,669.0,1.7,14803.58,11,0
35,24403.34,14370.68,602.0,6.6,19399.58,1,0
58,50988.04,22601.2,757.0,8.2,9565.46,4,0
28,65700.9,19827.13,668.0,2.2,0.0,9,0
25,75778.74,7598.18,479.0,0.9,0.0,6,0
46,65610.05,18472.41,687.0,5.2,7721.0,6,1
38,71716.42,16339.58,629.0,6.1,13985.39,14,0
26,75906.23,7706.13,637.0,3.5,3287.39,10,0
57,48212.46,3876.18,729.0,0.8,6852.95,11,0
33,52041.21,1000.0,657.0,9.3,17707.45,11,0
48,80743.36,12644.61,787.0,5.2,5621.12,13,0
25,30796.86,14567.95,658.0,10.2,18517.1,7,0
33,63582.66,19036.62,613.0,13.5,5418.34,11,0
37,40665.82,21563.83,505.0,8.2,13425.62,7,0
60,77005.23,11689.13,593.0,15.9,8461.12,6,0
52,54641.29,14335.43,624.0,15.4,12659.81,9,0
49,55151.88,8930.22,767.0,4.8,20051.85,8,0
23,89577.6,15697.91,613.0,6.5,10518.02,12,0
60,33479.14,22748.07,781.0,6.0,15566.44,8,0
54,59316.39,15809.14,558.0,4.9,2632.21,2,0
60,51397.48,24306.6,588.0,0.1,2411.43,7,0
47,65648.23,22614.25,740.0,2.2,0.0,12,0
33,93586.62,26661.58,602.0,0.5,1666.12,1,0
53,42895.17,16033.86,738.0,1.8,17103.6,10,0
26,31052.05,10740.56,584.0,0.4,9988.77,8,0
44,38813.45,19969.87,592.0,12.6,6395.59,13,0
39,50343.64,12016.78,701.0,3.0,9225.17,3,0
36,56284.62,19718.81,585.0,1.0,12081.18,11,0
60,57290.58,9697.57,628.0,4.4,12671.04,13,0
48,91053.22,8372.75,682.0,1.1,9311.46,9,0
53,87496.78,24731.57,630.0,8.2,16296.3,5,0
61,81058.93,6899.4,605.0,1.8,2175.43,7,0
33,105288.77,23177.98,553.0,1.9,5896.0,14,0
63,71481.97,19688.25,766.0,10.2,15021.58,7,0
45,77167.1,15754.38,781.0,4.1,13738.14,9,1
62,71095.41,1000.0,676.0,10.9,10224.97,2,0
56,67818.11,26885.27,631.0,2.7,4742.5,4,0
47,62887.93,7521.28,636.0,2.1,12725.4,12,0
58,47062.86,22625.23,717.0,3.5,2545.03,8,0
27,30064.44,9472.47,733.0,0.3,15092.09,5,0
25,52386.92,8830.69,607.0,0.8,17130.34,11,0
63,66315.47,20348.93,736.0,1.2,4543.29,5,0
51,56445.24,19307.72,699.0,8.5,23529.98,3,0
43,33693.29,5839.22,735.0,6.6,2015.99,5,0
62,51682.34,26494.07,522.0,1.1,6865.83,13,0
30,50639.94,13351.63,616.0,1.6,6718.14,7,0
52,53752.91,15551.43,636.0,14.4,7377.12,4,0
63,64818.31,12623.38,612.0,0.4,16548.98,8,0
50,69125.16,6177.89,803.0,4.0,10626.38,14,0
59,44998.97,20881.8,617.0,3.7,3011.56,11,0
51,74622.42,17316.41,687.0,6.5,8654.21,6,0
38,77632.76,8559.32,662.0,1.5,11979.28,6,0
56,61406.04,22553.07,627.0,13.6,11124.94,6,0
22,68295.01,15438.7,593.0,2.6,15333.09,4,0
34,74684.63,15611.02,814.0,1.7,8536.34,14,0
33,33047.11,29212.15,632.0,2.1,12797.58,3,1
49,76094.63,2136.0,720.0,2.1,7145.92,10,0
32,39198.78,2030.37,649.0,1.1,4119.44,6,0
59,41145.97,3831.96,613.0,13.2,1151.79,6,0
22,58925.78,17909.07,659.0,1.0,17398.92,2,0
52,15000.0,12127.65,675.0,10.7,0.0,14,0
33,58512.41,12763.63,612.0,2.6,9524.28,10,0
47,74635.62,7460.67,589.0,1.6,10457.86,9,0
61,22081.52,28322.01,688.0,1.1,2115.87,4,0
37,76780.19,31008.14,659.0,3.5,13405.7,4,0
60,41024.25,22191.24,598.0,5.5,0.0,10,0
51,59137.24,2941.71,575.0,11.4,4521.89,13,0
54,43928.51,11104.83,678.0,5.3,13788.14,12,0
44,66458.37,21619.69,497.0,3.3,195.43,11,0
55,75498.95,14633.37,629.0,0.2,12901.88,12,0
26,67940.21,22217.76,661.0,12.4,14694.7,12,0
39,54920.38,24982.52,789.0,11.6,14438.74,8,0
50,45482.89,30257.57,651.0,2.4,10246.26,3,0
27,53613.96,9761.08,626.0,0.1,2968.72,10,0
30,68119.43,15650.28,673.0,6.6,2058.61,7,0
61,68805.33,11473.89,593.0,7.8,4979.76,7,0
52,66016.53,1000.0,632.0,3.9,0.0,2,0
54,29348.45,20612.7,652.0,2.6,8139.28,3,0
48,54539.55,19507.53,700.0,9.5,7309.26,12,0
35,42331.42,10625.39,596.0,1.1,8455.31,14,0
50,68298.58,2215.56,650.0,2.9,6558.72,4,0
57,39700.56,11927.01,507.0,0.1,9060.16,2,1
49,64041.08,20849.01,691.0,0.9,8475.61,14,0
42,49356.24,25698.66,632.0,14.1,0.0,9,0
24,17418.08,9299.37,801.0,4.3,9679.73,10,0
40,73619.19,23861.57,678.0,8.2,7873.47,11,0
52,54494.26,19979.77,581.0,3.3,0.0,6,0
56,80519.55,18305.87,563.0,9.0,13368.95,1,1
24,21693.82,4651.58,703.0,3.9,6210.24,1,0
47,49169.57,4999.24,794.0,0.0,11813.78,8,0
37,50671.91,8353.71,769.0,11.5,7734.26,11,0
32,60404.13,12388.9,553.0,0.8,0.0,6,0
42,28496.25,29405.97,666.0,3.0,9503.11,13,1
37,65880.76,9702.12,740.0,3.2,10978.44,10,0
30,93233.25,21170.01,543.0,0.2,15023.27,12,0
21,64490.75,11281.89,733.0,0.3,13513.66,7,0
42,56857.45,18781.66,594.0,7.2,15189.9,6,0
46,27450.85,14496.15,633.0,1.8,12418.08,2,0
38,39515.08,16416.19,672.0,2.6,5050.13,3,0
34,53883.1,17956.92,735.0,4.2,5191.83,8,0
49,44404.47,13004.34,773.0,2.3,13933.63,4,0
32,75525.13,17995.71,624.0,7.5,5669.62,13,0
56,65674.06,24871.33,612.0,10.8,11179.02,8,0
55,108847.57,8967.08,606.0,0.3,18256.04,3,0
32,35382.83,24486.93,712.0,5.0,4292.48,2,0
27,55662.29,12878.38,730.0,1.9,12369.81,7,0
49,27330.15,12032.06,722.0,4.4,3181.78,1,0
31,15000.0,20596.47,672.0,3.3,11518.42,11,0
53,69454.42,12270.73,679.0,2.0,17682.16,3,0
26,64932.31,17553.35,632.0,0.5,16032.58,2,0
35,37908.19,16805.98,639.0,4.1,5689.39,5,0
52,56860.59,1000.0,718.0,0.6,17442.4,2,0
31,42414.65,18340.68,671.0,0.8,6651.47,10,0
43,45115.85,3471.19,612.0,20.1,21730.85,5,0
46,48594.31,4080.95,738.0,1.9,8194.53,13,0
54,37068.7,17931.71,601.0,4.4,11976.98,3,0
54,40667.0,19292.72,662.0,1.6,11794.62,9,0
49,41231.29,24640.4,551.0,10.0,1436.48,10,0
24,63457.58,6285.06,574.0,1.7,16257.6,9,1
37,15000.0,9069.77,652.0,2.3,9317.26,8,0
55,50447.41,18714.93,594.0,4.7,4664.61,13,0
33,33246.36,24794.22,632.0,10.2,3492.24,5,0
61,33968.95,16537.4,747.0,8.5,4383.84,10,0
59,44486.93,7976.01,640.0,1.5,7538.29,11,0
35,54713.21,27051.34,722.0,8.8,1596.77,7,0
49,50711.76,12901.07,588.0,6.0,3101.69,2,0
49,33718.79,13150.39,694.0,22.9,0.0,3,0
31,69433.93,3513.22,570.0,13.7,3144.27,12,0
52,36947.92,20792.7,630.0,3.8,16186.26,11,0
22,40305.87,21820.84,697.0,6.9,15207.6,2,0
34,60689.84,9353.35,651.0,4.2,9620.36,10,0
40,61407.37,29009.66,725.0,4.5,20637.89,11,0
42,42766.01,10302.97,703.0,0.5,15289.04,1,0
31,15000.0,20002.04,625.0,0.0,10608.23,3,1
47,37290.18,16789.19,754.0,0.2,11261.03,4,0
23,58237.76,1000.0,685.0,17.0,8532.75,12,0
37,68772.16,19351.23,631.0,0.7,443.86,9,0
64,53414.07,18633.0,662.0,0.2,6400.96,12,0
48,45420.28,1000.0,657.0,1.9,0.0,2,0
49,100864.22,27202.67,666.0,4.4,1433.73,9,0
41,47550.28,18665.51,639.0,14.8,16327.93,1,0
36,67244.65,24915.21,680.0,6.0,8464.53,9,0
57,28298.96,1271.14,713.0,1.6,1603.32,6,0
40,33196.64,11716.54,684.0,14.0,11162.2,8,0
26,67946.51,24444.82,681.0,0.2,11626.19,3,0
39,75891.23,2453.67,642.0,19.3,17252.39,8,0
25,47205.66,11951.12,579.0,0.3,18669.68,11,0
23,18027.29,18252.01,560.0,7.0,12687.34,9,0
21,51648.85,1000.0,593.0,0.2,0.0,7,0
58,58788.12,4428.88,617.0,13.4,21682.16,4,0
35,56976.36,26056.67,784.0,0.6,16120.31,6,0
54,43732.21,15478.36,750.0,0.3,13095.19,6,0
55,51942.32,24413.6,603.0,11.0,7899.96,2,1
45,40004.46,16456.76,686.0,0.5,0.0,2,0
44,32763.24,34647.17,645.0,8.0,4639.83,11,0
32,70113.37,18509.86,669.0,6.9,7694.53,5,0
38,56955.97,25158.23,606.0,4.6,5594.58,1,0
35,51986.33,13031.31,829.0,2.4,14560.74,5,0
64,44857.05,16685.84,799.0,12.4,7540.87,10,0
36,51396.53,20134.97,627.0,10.2,3340.0,3,0
47,58206.33,21462.45,602.0,2.8,11004.35,3,0
28,89573.63,14688.07,724.0,1.3,3024.66,8,0
45,68090.74,15021.96,553.0,1.6,0.0,11,0
37,41673.82,19015.36,718.0,1.2,11056.61,3,0
49,41884.73,19010.1,660.0,3.9,7565.01,3,1
28,38766.38,6799.53,535.0,10.1,8940.91,1,0
35,50989.59,16799.69,638.0,7.4,16257.41,14,0
47,38750.97,17566.19,598.0,7.9,9505.9,8,1
27,64496.47,7189.45,663.0,3.0,11415.16,13,0
23,15000.0,22247.41,655.0,1.9,8102.95,14,0
49,65703.37,18301.96,542.0,7.1,12859.87,10,0
64,60507.55,33645.19,623.0,7.9,0.0,10,0
44,80254.85,14791.89,696.0,5.9,3353.89,6,0
23,72535.79,24088.89,710.0,0.2,5683.02,11,0
40,41326.04,19313.0,621.0,4.5,5123.39,8,0
35,70285.96,30371.52,687.0,2.1,3250.32,3,0
45,51638.65,7240.15,671.0,1.1,7508.08,14,0
50,16313.86,11037.49,646.0,5.9,7185.92,11,0
34,58176.64,7514.34,687.0,1.6,7505.04,6,0
27,42514.93,14376.66,576.0,12.2,9202.75,12,0
37,55004.43,6002.21,650.0,1.8,10986.74,2,0
64,88029.0,2791.33,522.0,4.1,3344.26,3,0
40,59495.74,1000.0,646.0,8.8,4865.94,13,0
56,34653.3,1000.0,764.0,2.6,13536.37,4,0
29,74288.3,20251.13,624.0,8.8,2348.33,9,0
58,62250.85,11356.49,756.0,6.4,3152.35,12,0
42,32296.76,5129.98,626.0,12.7,3362.21,4,0
22,22875.24,9727.36,563.0,2.0,6800.7,7,0
44,35453.25,10776.78,703.0,0.6,13988.82,12,0
28,71726.04,7283.2,687.0,2.8,11143.39,8,0
31,48967.96,27844.4,836.0,7.7,2762.41,5,0
33,56622.85,26334.63,572.0,3.0,18879.4,2,1
37,28229.41,27707.92,679.0,1.5,3826.11,11,0
28,72264.38,16433.57,681.0,0.1,0.0,8,0
41,15000.0,17243.72,735.0,1.9,18945.14,5,1
38,41892.45,9779.09,692.0,6.2,2978.89,5,0
50,63369.28,8223.43,627.0,0.8,7334.58,7,0
38,32547.37,15173.8,564.0,2.1,7196.09,6,0
51,67282.59,20218.85,678.0,0.1,11490.52,3,0
58,37616.12,24566.15,680.0,6.4,0.0,14,0
52,30478.59,10632.09,701.0,10.6,6195.88,14,0
31,80729.64,4978.13,627.0,4.2,5799.38,7,0
45,58078.6,20871.88,672.0,0.1,16482.27,12,0
53,65380.72,1000.0,526.0,1.2,4738.65,14,0
58,75364.19,14686.32,568.0,2.9,6075.57,1,0
61,15000.0,15714.44,725.0,4.4,12560.96,4,1
28,67695.65,11969.7,664.0,3.4,11068.4,4,0
31,39779.5,2638.04,688.0,12.4,3655.74,6,0
42,42414.54,12075.11,602.0,14.0,10570.44,6,0
44,63748.82,28140.34,592.0,0.6,3575.73,10,0
61,47739.18,19733.77,616.0,0.7,12819.4,8,0
37,66890.42,24293.72,669.0,2.2,7038.66,12,0
32,54183.14,5262.39,705.0,2.7,460.11,1,0
52,58364.18,17045.66,630.0,4.4,0.0,13,0
35,45195.57,15706.72,517.0,7.4,5743.89,7,0
36,33701.33,15861.64,682.0,0.7,3297.82,14,0
42,40193.65,19446.77,671.0,8.1,6562.28,4,0
48,52943.52,16178.58,688.0,4.7,7704.53,13,0
40,91744.77,5484.33,719.0,19.8,0.0,6,0
53,84438.13,19906.03,712.0,5.3,3620.76,10,0
30,41934.08,21727.07,759.0,6.3,7223.79,14,0
60,56205.15,25555.83,652.0,1.1,8600.28,9,0
52,49245.54,25909.22,615.0,7.3,12789.37,3,1
53,57605.33,18811.46,733.0,0.4,13823.27,8,0
22,60178.25,5857.3,723.0,5.3,6568.09,3,0
53,65550.3,2764.93,631.0,0.3,7112.74,6,0
53,15000.0,13183.25,738.0,0.6,5115.93,2,1
61,62329.97,22355.77,656.0,0.6,11934.52,9,0
33,47021.58,21840.28,752.0,0.3,5692.93,14,0
50,40901.24,17191.99,788.0,1.9,2199.07,13,0
53,70885.13,14707.53,850.0,25.9,0.0,2,0
33,84336.49,30229.88,655.0,2.1,2314.96,12,0
46,68780.06,19592.26,763.0,7.2,6404.78,5,0
42,44628.97,14301.82,718.0,0.7,13877.35,6,0
59,33479.89,9836.47,726.0,3.0,8273.08,4,0
22,15000.0,6931.16,684.0,1.0,8686.9,12,0
58,58650.32,6143.49,726.0,1.1,8020.24,7,0
59,66580.32,6932.05,540.0,0.5,15678.9,13,0
46,52962.73,17247.62,648.0,2.8,11047.18,7,0
35,73674.92,14855.44,598.0,0.4,7911.73,12,0
54,28596.2,12392.68,591.0,12.0,4408.0,7,0
62,51575.22,20891.82,535.0,3.0,437.04,11,0
64,49993.98,29473.4,608.0,9.1,17914.72,7,0
60,52797.83,8413.22,636.0,19.4,12821.71,13,0
31,78358.63,9605.71,665.0,5.7,6839.61,10,0
23,52903.16,1000.0,649.0,11.6,18763.74,11,0
26,49104.15,14789.35,734.0,0.7,7954.24,10,0
29,36266.13,13979.04,578.0,8.9,3099.52,9,0
26,81571.59,22142.32,495.0,1.6,15329.97,2,0
29,26376.08,14305.5,693.0,3.2,314.06,5,0
59,43940.01,10295.13,646.0,5.2,5594.62,10,0
51,88878.74,16541.49,645.0,11.7,796.06,9,0
52,64364.87,19456.55,593.0,12.1,3203.9,12,0
61,54596.47,2058.17,723.0,0.5,9198.98,13,0
32,55433.84,23055.13,616.0,2.3,10023.14,14,0
28,36072.44,25450.42,579.0,7.9,1386.85,11,0
28,53629.46,19379.64,784.0,6.1,18854.96,11,0
48,48002.68,7523.56,705.0,0.1,0.0,2,0
40,58592.57,12391.79,647.0,3.0,8777.43,3,0
27,24875.17,24463.0,455.0,8.8,8930.91,7,1
31,62957.04,7174.23,631.0,6.7,9580.9,9,0
40,75332.59,20029.15,648.0,2.7,13275.97,14,0
36,50923.54,14593.82,767.0,6.6,0.0,3,0
24,67941.97,16281.55,510.0,4.0,3355.7,10,0
26,61206.93,8313.83,775.0,12.2,8907.61,8,0
42,42845.2,17645.31,685.0,4.4,18218.46,11,0
46,33829.49,17072.61,553.0,2.6,4509.08,8,1
23,36632.23,2925.13,724.0,9.9,6845.58,12,0
61,60857.85,14964.45,630.0,0.3,12352.75,4,0
62,53877.1,19911.18,517.0,11.5,742.61,11,0
34,80501.86,11917.73,614.0,6.0,8134.67,13,0
31,70817.4,1000.0,670.0,14.1,7369.19,6,0
38,70775.7,14081.47,655.0,1.4,4344.66,11,0
32,60261.62,26731.74,701.0,5.9,11018.24,12,0
43,35756.02,12244.24,738.0,8.3,20941.49,8,0
32,61506.79,26429.21,562.0,6.1,9042.27,12,0
33,56277.06,8501.14,648.0,1.2,0.0,9,0
45,32232.37,5712.23,601.0,1.6,2773.3,2,0
39,79198.99,14959.18,550.0,4.2,16875.86,1,0
56,77045.79,8419.37,646.0,3.0,6562.75,5,0
28,32117.02,17638.86,685.0,6.6,962.47,10,0
49,42244.1,12019.43,689.0,2.4,12527.29,3,0
52,44001.0,26791.34,618.0,9.8,4168.0,11,0
64,67197.03,11466.66,569.0,2.8,8210.34,13,0
38,64894.5,15717.9,598.0,0.2,1209.79,6,0
26,55888.14,19770.69,500.0,0.1,5491.64,12,0
38,60477.15,22650.53,555.0,5.2,7819.08,14,0
39,29247.36,26837.14,562.0,3.9,7395.26,11,0
42,62627.23,13121.09,718.0,3.9,10247.89,1,0
57,52982.29,11805.54,718.0,7.8,9207.24,12,0
52,41419.14,1000.0,820.0,2.4,1889.18,11,0
61,24349.87,31333.69,669.0,27.0,18114.9,4,1
23,55539.22,17887.71,611.0,14.6,7059.38,6,0
48,62139.2,21014.46,651.0,0.1,0.0,2,0
30,20950.36,19445.83,636.0,11.3,0.0,11,0
55,55369.72,15396.28,599.0,5.7,8451.09,11,0
49,57444.8,17802.82,676.0,3.5,2442.41,8,0
35,43915.41,10522.7,665.0,4.4,11436.83,4,0
53,62596.76,12583.21,643.0,9.2,8290.16,2,0
27,52346.75,7398.35,626.0,15.1,31631.02,1,1
32,60663.42,27457.95,701.0,4.1,434.82,8,0
50,65684.94,19491.85,606.0,1.0,14346.12,10,0
41,65696.14,30809.38,618.0,5.1,1462.41,1,1
51,75336.41,33371.07,688.0,0.4,12985.74,7,0
44,61766.5,3766.75,731.0,5.0,16538.73,7,0
40,45459.19,22881.83,724.0,8.3,5933.67,13,0
57,42044.2,4136.29,629.0,2.2,3624.79,6,0
24,33733.82,16419.34,549.0,0.4,7060.51,8,0
48,58023.59,17517.84,627.0,5.9,3541.97,10,1
64,81426.23,4702.67,656.0,2.1,17663.69,1,0
40,47830.95,9099.85,561.0,1.4,6814.52,12,0
44,63992.16,17882.81,625.0,5.8,10637.19,1,0
52,39954.4,16410.41,747.0,17.5,10813.33,13,0
61,58896.1,6853.03,662.0,6.8,13353.13,1,0
56,80186.94,9415.75,607.0,3.4,5287.94,6,0
54,68724.96,3068.48,652.0,4.6,12604.3,7,0
56,23583.76,5376.61,657.0,0.8,15808.24,10,0
22,66413.9,12028.64,620.0,8.4,7065.93,9,0
35,67324.52,22899.62,712.0,4.6,2.01,10,0
54,58469.74,23913.86,504.0,16.9,16211.57,5,0
56,68350.44,29667.49,688.0,19.4,9041.84,1,0
26,38329.96,18394.11,604.0,2.2,8025.19,9,0
59,56265.26,16506.26,734.0,22.3,12060.57,5,0
62,77203.48,18961.17,548.0,15.7,16575.09,6,1
32,75398.99,18884.45,725.0,5.1,6668.13,9,0
23,65960.9,2067.89,587.0,2.0,15533.85,2,0
38,37340.1,30110.99,676.0,7.0,8432.62,14,0
60,34190.72,1000.0,613.0,1.6,11742.82,3,0
41,57290.87,24190.1,740.0,5.0,4358.35,14,0
35,58615.48,15451.1,635.0,0.1,6477.05,7,0
53,52992.56,6284.02,592.0,5.0,14508.06,3,0
55,38904.3,19251.0,762.0,15.1,0.0,2,0
46,63739.22,14054.89,628.0,1.3,12202.69,7,0
28,57203.31,9539.7,692.0,7.5,10277.13,8,0
56,60796.49,3948.18,725.0,1.7,17966.14,9,0
50,66868.68,3275.94,580.0,6.2,14036.59,2,0
43,49527.0,10112.71,684.0,6.0,9061.12,13,0
62,45224.83,11904.1,695.0,1.0,368.96,2,0
64,77151.31,5315.66,526.0,4.5,4516.51,11,0
34,39852.83,15307.84,676.0,9.8,6638.48,7,0
34,45616.52,6454.91,622.0,2.4,16952.15,14,0
22,79684.96,17881.77,780.0,6.2,12804.6,4,0
57,44059.51,24851.03,719.0,5.6,3229.8,5,0
25,53027.65,17314.99,685.0,1.5,10416.85,1,0
58,46760.6,14249.32,487.0,12.5,5247.4,6,1
61,19335.57,10720.82,686.0,4.1,4125.09,10,0
34,52533.85,26568.79,589.0,2.2,11771.41,13,0
59,34787.56,13451.87,720.0,0.9,7133.53,8,0
45,60091.61,34921.79,637.0,3.2,1014.43,11,0
40,77112.77,5535.71,608.0,6.5,12961.59,1,0
22,15000.0,17319.26,615.0,4.9,8912.01,2,1
59,46861.66,26301.79,620.0,6.5,5801.88,7,0
26,64046.46,9478.91,542.0,7.8,16954.82,14,0
37,15000.0,13111.01,553.0,2.9,14384.75,2,1
45,81725.31,20009.17,623.0,3.7,8729.59,9,0
48,62597.84,18103.12,774.0,21.5,0.0,6,0
22,76664.26,19477.59,707.0,17.2,14663.14,12,0
55,43721.04,24282.07,714.0,2.7,5099.47,12,0
57,46133.58,12225.97,746.0,5.8,7052.77,5,0
25,51781.27,26496.21,672.0,1.6,6183.64,7,0
21,97764.18,1239.88,613.0,0.8,226.33,10,0
60,81362.11,23619.5,617.0,7.3,10715.04,8,0
32,57646.95,24177.65,584.0,2.9,2943.98,13,0
56,60088.04,8804.24,715.0,1.0,10404.12,9,0
43,67698.08,3394.91,575.0,7.1,2383.56,6,0
51,102831.1,13142.66,817.0,12.3,5273.94,5,0
31,62654.4,18230.43,578.0,13.5,10190.7,7,0
30,55919.19,12319.21,748.0,4.5,8741.35,2,0
23,48228.03,19015.54,748.0,3.3,11730.23,8,0
34,59698.3,30501.95,700.0,0.8,12183.32,12,0
36,43259.56,4082.3,780.0,7.9,15993.97,4,0
30,64921.85,1000.0,634.0,14.5,7995.53,1,0
49,26348.07,14445.62,660.0,11.0,15241.87,3,0
30,49789.99,9558.65,668.0,7.0,6065.57,13,0
32,69692.66,11157.48,697.0,0.0,12667.17,9,0
50,62382.47,25135.31,504.0,2.6,14741.38,4,0
61,45747.51,14035.07,642.0,2.6,14718.79,10,0
21,50359.51,14768.04,719.0,11.2,0.0,10,0
25,75706.69,11505.62,620.0,0.3,0.0,14,0
40,30791.97,14689.59,807.0,3.8,11330.49,11,0
28,30908.13,17148.01,660.0,0.7,8015.09,3,1
63,36407.32,37276.71,691.0,5.4,9682.5,4,1
32,54786.44,17237.26,774.0,7.9,8550.02,3,0
21,27865.24,24301.56,660.0,5.1,5964.56,3,0
40,74060.03,16491.2,773.0,7.9,11435.5,2,0
48,36514.15,1000.0,697.0,4.7,10033.66,6,0
63,59487.11,10463.43,697.0,1.1,7371.18,13,0
57,43418.54,17231.29,579.0,2.4,8173.63,10,0
57,53690.06,20787.32,739.0,15.7,11701.37,6,0
32,22933.08,16681.83,601.0,1.7,4434.92,10,1
57,75026.32,22362.81,635.0,0.3,1329.69,4,0
64,35770.04,3320.12,751.0,2.4,1237.19,14,0
48,33675.67,15390.34,621.0,2.3,4948.61,8,0
35,102580.18,25623.7,678.0,3.2,16906.67,6,0
26,66086.15,7227.52,646.0,4.1,8796.62,12,0
64,74248.33,23964.73,648.0,24.4,3925.88,8,0
40,64177.83,23551.26,638.0,7.1,9213.82,6,0
34,45950.39,5103.8,567.0,0.2,1734.26,13,0
22,28863.0,17703.03,694.0,6.2,6885.0,9,0
29,49023.59,16270.51,701.0,8.7,5537.47,3,0
57,35436.81,13589.1,603.0,11.3,60.32,14,0
40,36637.7,2784.89,615.0,2.8,14559.38,3,0
46,23336.25,12895.52,723.0,1.9,5740.24,2,0
49,57289.52,13749.63,629.0,9.1,7769.39,10,0
21,86468.24,1413.59,657.0,7.5,12180.88,14,0
55,66162.73,4558.79,579.0,3.8,10110.71,14,0
26,52884.19,7584.04,645.0,0.6,8463.22,6,0
57,54188.56,6613.75,580.0,5.3,6571.73,7,0
25,15000.0,17610.16,602.0,0.3,12369.15,7,1
53,46523.29,22292.08,589.0,0.5,7956.69,5,0
34,26466.48,12515.65,719.0,2.0,8865.11,6,0
32,57688.25,21130.32,544.0,2.3,14677.28,7,0
62,49800.48,22619.91,671.0,3.1,15017.15,11,0
40,37613.91,14317.66,632.0,2.1,9612.32,2,0
44,57237.93,18264.35,762.0,0.2,8627.67,10,0
63,57065.58,13213.24,712.0,0.9,11934.92,14,0
54,85372.48,6017.36,551.0,0.6,6490.06,12,0
45,68728.35,9025.92,605.0,2.8,6505.8,7,0
49,59339.46,17609.19,649.0,1.2,7623.89,1,0
59,36049.71,14029.36,605.0,1.7,1889.23,6,0
51,33531.22,20897.38,723.0,3.2,22174.3,8,0
63,66976.96,1000.0,664.0,1.3,5601.8,13,0
43,50998.61,1827.43,635.0,1.4,10805.79,1,0
64,59987.31,2774.2,728.0,9.0,7898.42,1,0
58,74560.01,16333.23,556.0,4.0,12127.72,6,0
40,24737.22,3975.18,629.0,9.7,5695.63,5,0
43,82940.71,17561.03,670.0,3.6,9300.86,3,0
36,74387.64,21024.08,639.0,12.0,2898.69,14,0
62,15000.0,27130.0,402.0,1.5,15285.2,10,1
28,102061.85,26247.26,677.0,4.8,11969.36,13,0
41,61427.53,9436.64,690.0,3.5,0.0,10,0
21,45429.23,1642.9,569.0,12.5,8084.83,7,0
28,65381.24,9944.46,475.0,2.7,0.0,7,0
49,35450.51,22814.69,596.0,9.6,3203.02,7,0
52,65922.57,11882.48,634.0,4.1,13525.91,14,0
58,39130.07,14805.44,641.0,6.2,0.0,6,0
25,95407.19,10542.71,493.0,10.9,14271.56,4,0
42,56202.0,27649.62,666.0,28.9,10272.78,9,0
54,67996.46,6884.31,732.0,6.6,7519.29,12,0
21,39278.7,15534.12,727.0,1.9,13267.35,9,0
46,71329.92,23865.91,748.0,1.8,24216.82,7,0
63,54748.4,29732.4,553.0,1.8,24.63,7,0
30,26762.97,9441.58,720.0,0.5,18161.08,8,0
50,50224.75,22686.45,575.0,0.3,13798.44,11,1
38,93622.22,9941.88,713.0,4.3,3771.28,5,0
37,72179.54,26017.28,591.0,8.3,11148.73,11,0
46,47420.5,28835.74,678.0,0.2,1327.25,9,0
28,17616.68,7883.24,773.0,4.2,5044.33,6,0
60,38350.18,20227.71,725.0,2.3,0.0,7,0
32,26870.52,23906.29,576.0,11.2,0.0,12,0
47,18099.84,12645.86,559.0,0.8,10290.19,7,1
28,70711.82,19381.72,712.0,4.1,10821.34,9,0
45,56247.75,19800.14,756.0,17.7,10754.91,7,0
24,90902.17,31077.2,684.0,2.1,11817.08,14,0
53,35047.16,1000.0,609.0,6.8,8710.71,3,0
21,54954.38,14552.69,653.0,10.7,12070.13,6,0
39,27116.51,4997.97,685.0,1.0,14438.58,6,1
51,43102.53,15110.38,643.0,24.5,9478.43,11,0
36,50557.8,8737.14,576.0,8.3,5393.75,12,0
34,47506.92,12960.66,735.0,0.7,7127.7,7,0
25,56070.81,8006.82,800.0,1.9,2982.51,6,0
61,74432.19,16242.94,764.0,4.9,13108.36,4,0
46,72328.35,23591.15,476.0,10.8,0.0,14,0
48,39613.31,12018.12,742.0,1.1,7043.85,6,0
22,54392.92,26444.98,696.0,6.6,11414.81,3,0
26,70881.93,23351.65,597.0,1.6,1879.53,1,0
29,75714.73,31272.55,493.0,8.2,0.0,1,1
53,41776.87,18290.86,641.0,5.8,0.0,5,1
61,69163.29,14506.85,679.0,3.7,6294.04,11,0
45,61622.93,2318.1,561.0,5.2,1138.94,13,0
33,33680.22,8746.5,749.0,10.5,13260.5,14,0
29,71003.16,13336.78,747.0,2.4,0.0,8,0
33,58030.86,14283.94,687.0,7.3,11172.05,3,0
51,20172.19,33789.78,540.0,0.9,187.76,13,1
61,49122.93,13344.19,629.0,6.0,0.0,2,0
31,55797.15,1000.0,708.0,6.9,779.01,8,0
24,42883.51,20316.56,703.0,2.9,14452.0,9,0
54,79564.57,19851.99,594.0,7.9,783.04,9,0
58,80289.37,11328.56,606.0,4.1,14851.54,2,0
24,47350.2,32021.36,592.0,13.8,9215.91,12,0
58,45155.49,1000.0,627.0,0.6,4889.75,8,0
39,52375.31,24995.66,611.0,0.7,1686.39,2,0
26,50998.39,12671.23,596.0,9.2,19426.59,7,0
54,43149.96,7396.66,639.0,9.2,4469.89,8,0
38,15000.0,34203.19,653.0,3.2,4494.9,1,1
33,90096.24,20893.57,737.0,16.6,16707.0,8,0
61,55008.36,12612.49,507.0,5.7,17770.43,3,0
43,51433.8,12449.89,748.0,20.3,7160.32,13,0
39,61503.38,17203.35,590.0,3.8,15105.41,1,0
31,53398.85,11304.29,799.0,1.1,4324.81,7,0
21,46393.68,25396.87,704.0,2.9,21481.83,10,1
44,34887.08,15701.48,694.0,19.7,132.4,3,0
27,18227.74,23140.52,642.0,2.3,2515.57,8,1
45,27912.42,16663.41,815.0,15.7,15876.43,9,0
41,32666.52,21958.68,648.0,8.0,6264.39,2,0
35,68018.44,25764.08,771.0,2.9,16232.98,1,0
21,69492.46,28447.44,604.0,3.9,5202.84,8,0
32,37364.02,18927.57,707.0,4.7,11955.58,10,0
27,15000.0,8067.62,802.0,5.5,3842.05,6,0
35,55182.41,13619.34,582.0,0.4,7545.54,10,0
41,46569.16,14790.9,689.0,13.6,317.0,1,0
39,46074.75,10414.33,593.0,4.5,7712.84,3,0
49,74118.75,9078.77,684.0,13.4,2733.11,9,0
45,57773.05,16396.0,802.0,5.0,20435.3,9,0
53,35472.41,7133.54,575.0,2.8,6075.86,6,0
52,30871.74,5580.8,662.0,4.2,814.04,3,0
55,49747.77,1444.51,583.0,8.8,12151.05,8,0
64,36871.74,18842.69,640.0,2.0,752.7,6,0
58,53552.05,17729.98,700.0,15.7,13261.88,1,0
46,75522.84,12402.6,626.0,3.1,4652.57,6,0
31,27404.35,22953.85,776.0,15.6,7773.68,13,0
55,56755.59,7009.53,689.0,10.6,6861.56,5,0
28,73301.0,18046.99,544.0,7.3,6477.45,8,0
34,53276.25,15433.31,676.0,3.2,8373.41,13,0
30,69431.62,9074.56,767.0,4.4,4020.67,2,0
22,49254.55,11059.66,693.0,9.1,1447.92,12,0
29,58416.56,10444.03,671.0,3.9,8233.03,7,0
23,63815.7,17022.03,626.0,6.7,5613.53,6,0
41,43559.95,19747.43,642.0,7.8,326.23,1,0
46,94813.52,11588.85,651.0,3.6,11685.64,12,0
28,66551.6,9303.16,454.0,3.8,7901.94,8,0
22,81059.71,16097.78,687.0,1.1,1479.92,6,0
26,76420.48,1785.99,730.0,1.4,6573.69,13,0
48,61545.79,15274.86,590.0,11.8,7132.71,3,0
49,82715.79,27494.2,669.0,9.2,1815.3,5,0
46,58758.29,9368.29,678.0,0.1,26974.5,7,0
45,40404.49,13585.16,715.0,10.2,7953.27,9,0
32,55296.38,23196.49,651.0,0.1,6680.48,4,0
25,34876.66,21037.39,693.0,3.1,22621.29,12,1
54,15000.0,15494.71,557.0,0.3,10739.51,14,1
57,37949.16,14531.77,569.0,17.3,15252.47,2,0
35,56457.63,5115.54,684.0,17.9,8565.79,3,0
64,76238.5,18929.22,632.0,4.7,8385.41,7,0
56,37889.62,4253.0,524.0,2.5,2868.19,8,0
35,75203.25,1000.0,678.0,3.6,12013.32,5,0
63,30786.34,23064.82,548.0,7.2,19092.16,3,1
43,36609.55,18095.89,850.0,1.3,17462.62,1,0
26,83983.13,22037.89,476.0,2.9,736.47,10,0
64,55952.42,9107.92,654.0,6.7,19157.37,13,0
63,51527.56,18730.91,561.0,2.5,3035.74,1,0
41,59705.6,11487.46,723.0,0.2,2356.26,11,0
43,30871.93,12382.06,618.0,3.5,2684.82,2,0
63,48383.04,22790.03,731.0,6.7,5653.84,5,0
36,55053.22,13801.67,711.0,18.8,0.0,3,0
35,79627.62,9428.91,565.0,0.2,8316.47,13,0
45,21591.66,4075.85,592.0,3.9,6442.65,7,0
56,90259.81,17885.52,622.0,3.0,8249.11,2,0
31,52507.05,23475.81,645.0,1.4,5024.0,2,0
35,32788.88,8734.97,634.0,5.1,0.0,3,0
24,29167.31,20511.83,708.0,0.9,6437.45,13,0
41,60462.99,7457.77,669.0,1.7,15322.42,12,0
33,28055.81,20994.42,601.0,7.6,1938.97,1,0
42,43797.53,15263.32,577.0,3.1,2736.25,2,0
39,50001.94,17142.69,585.0,25.3,10729.27,5,0
54,77873.51,9420.72,676.0,2.4,571.86,3,0
34,75369.07,17860.41,635.0,3.1,9354.87,11,0
24,42140.15,10218.5,816.0,1.8,10664.25,10,0
47,50746.34,11690.61,650.0,1.3,4621.86,6,0
49,23092.3,2858.98,665.0,12.8,3501.51,2,0
48,15000.0,8822.78,506.0,6.9,0.0,14,0
55,30418.95,10796.04,543.0,2.0,3253.63,8,0
28,77461.95,17502.48,560.0,6.0,11406.61,4,0
36,70601.61,19765.25,607.0,16.9,13029.53,3,0
62,62668.73,10136.55,531.0,0.4,8382.04,5,0
56,25847.51,13684.44,558.0,1.5,4313.28,14,0
50,40766.81,28491.08,703.0,1.1,8439.86,8,0
38,37843.58,16048.87,581.0,10.2,3090.06,9,0
22,51680.03,10704.86,647.0,1.0,9074.57,1,0
33,50418.93,1562.81,697.0,1.8,12481.17,4,0
24,34960.86,8168.62,726.0,3.9,5207.87,6,0
46,61984.34,7857.04,673.0,4.9,3181.42,6,0
45,59578.93,30822.99,678.0,8.3,5073.69,13,0
50,40423.54,8212.34,728.0,2.6,14525.07,9,0
31,61085.57,15408.34,683.0,3.8,24747.98,1,0
27,77485.71,17966.06,733.0,16.8,11891.5,13,0
51,83561.22,23852.2,479.0,1.8,7561.06,14,0
64,64813.24,15064.19,643.0,1.4,2158.94,5,0
30,64225.36,10917.48,654.0,6.2,1786.59,10,0
59,50197.22,10387.71,641.0,7.4,10565.92,1,0
33,75594.26,17851.04,660.0,2.7,3321.19,6,0
51,33592.97,9525.28,617.0,1.2,14134.9,9,1
27,73277.0,6166.55,713.0,7.5,4380.13,4,0
62,49247.91,10915.97,607.0,5.6,16538.38,10,0
62,84818.74,4404.13,633.0,10.4,5544.03,10,0
56,66764.13,29804.93,766.0,9.3,14800.64,9,0
40,53642.68,19772.42,754.0,1.1,12038.11,3,0
24,50270.25,27966.75,663.0,8.9,13081.6,11,0
27,65512.26,18883.49,599.0,1.0,7588.8,7,0
21,64542.49,27196.74,519.0,10.0,4014.66,5,0
64,47033.14,17939.72,639.0,7.4,14057.03,10,0
62,56836.72,20809.45,691.0,4.2,18758.85,1,0
33,72927.8,1000.0,592.0,5.1,1985.77,7,0
42,27732.87,7685.36,650.0,0.5,10853.29,8,0
41,69517.56,15295.42,622.0,0.2,10830.52,6,0
42,65424.29,15489.5,512.0,2.0,8994.82,1,0
48,78732.95,14388.95,659.0,8.6,16586.77,9,0
29,40686.93,18623.96,685.0,3.1,3346.69,7,0
46,55114.32,18953.62,663.0,1.3,14590.19,14,0
29,59101.37,21920.93,779.0,9.0,6335.86,6,0
35,69775.93,20351.95,624.0,1.3,0.0,4,0
30,63582.34,24632.7,618.0,8.5,0.0,3,0
44,30208.9,24697.87,823.0,3.0,8214.14,4,0
62,60820.88,16397.32,550.0,3.1,15320.49,1,0
28,95084.58,31653.19,600.0,1.6,14487.92,9,0
44,67235.15,25874.64,679.0,11.5,8632.23,2,0
36,87760.94,8544.39,740.0,0.5,1128.22,2,0
46,75861.23,18140.83,725.0,0.8,754.41,3,0
47,82248.04,1000.0,567.0,5.1,10523.2,14,0
57,61199.37,1606.41,780.0,9.5,7746.36,13,0
24,65436.9,11004.05,687.0,0.5,13825.77,1,0
44,60110.36,7996.44,584.0,6.6,6007.56,10,0
39,55086.82,11053.26,591.0,6.8,3368.27,3,0
56,69843.9,17627.95,656.0,4.4,6330.78,4,0
59,44579.96,24802.32,822.0,3.3,7921.49,9,0
30,92707.65,24374.02,667.0,1.9,0.0,5,0
45,36439.74,18305.55,821.0,2.2,10837.58,11,0
38,71227.76,6303.04,720.0,5.6,8856.21,6,0
39,82573.43,10540.9,549.0,0.3,13682.19,13,0
56,51467.56,20097.47,763.0,4.4,12680.02,1,0
30,32740.45,8391.07,574.0,1.6,14499.76,3,0
53,78110.59,4864.67,601.0,3.1,18084.19,14,0
25,59067.91,18938.54,672.0,4.1,8837.36,7,0
55,71266.32,14613.1,648.0,10.8,0.0,7,0
64,52810.91,13312.65,721.0,4.3,13167.45,10,0
54,89638.49,23878.42,690.0,1.3,15194.84,13,0
53,15000.0,23710.46,641.0,0.4,6635.53,12,1
41,62523.55,29248.94,786.0,4.9,0.0,12,0
37,81834.99,9788.71,612.0,3.9,14239.13,13,0
42,57106.78,18437.87,570.0,5.6,7883.93,1,0
57,61047.17,15152.07,687.0,3.1,0.0,9,0
35,46319.76,17706.53,649.0,8.7,6395.23,1,0
55,55413.77,5924.95,670.0,12.6,7970.53,7,0
48,21562.87,3780.21,709.0,0.2,6393.23,12,0
27,40631.37,14678.27,635.0,6.8,4966.96,12,0
52,39264.9,8259.9,799.0,0.2,13711.67,2,0
31,68382.48,22505.66,671.0,2.9,16106.87,9,0
30,43572.6,2994.58,614.0,3.1,19591.59,12,0
29,44150.49,3654.39,697.0,6.0,1977.65,12,0
34,47441.53,11666.7,643.0,2.2,15804.68,9,0
33,40027.11,2695.4,659.0,8.6,9145.39,9,0
45,60380.45,28408.03,562.0,2.1,10254.74,4,0
22,62552.63,13536.66,571.0,2.1,15286.45,6,0
55,71500.37,10177.59,735.0,1.3,7700.63,13,0
27,68055.0,18743.71,551.0,5.8,6904.87,12,0
41,66055.15,22070.79,640.0,0.4,3838.81,2,0
38,48420.63,16655.67,676.0,2.3,1000.23,3,0
23,47137.92,14455.27,763.0,1.6,4205.47,6,0
62,37575.78,7132.22,611.0,1.3,9026.6,1,0
59,37215.13,20047.27,711.0,0.3,7698.25,7,0
61,58885.23,26333.62,640.0,1.1,5716.29,2,0
31,40611.68,13242.24,476.0,3.0,5901.45,8,0
59,84366.48,8209.72,654.0,3.5,14308.06,5,0
44,54249.98,16451.97,645.0,1.6,9053.81,7,0
39,85027.8,15021.2,684.0,5.3,2039.71,8,0
24,66435.34,5269.18,599.0,2.0,8347.4,3,0
46,39455.27,10978.49,607.0,2.3,11696.58,6,0
58,53759.08,29307.89,746.0,7.6,13738.67,12,0
62,21530.95,4219.56,623.0,4.0,11384.84,9,0
52,58808.51,9475.04,497.0,15.3,13091.2,4,0
59,41284.63,7410.29,689.0,2.2,11036.36,10,0
56,32730.84,8117.6,719.0,8.8,0.0,7,0
60,85442.94,11436.19,718.0,6.7,7038.3,1,0
57,75611.75,18587.06,601.0,11.0,7458.45,12,0
53,75060.78,25468.5,650.0,15.7,20236.18,7,0
56,70642.23,16626.57,693.0,0.0,12556.26,9,0
23,30302.22,9524.95,727.0,0.5,6254.32,10,0
29,46990.41,27319.32,690.0,5.6,3363.77,8,0
28,48209.93,1000.0,712.0,2.5,5935.75,4,0
53,20805.26,20387.83,591.0,8.5,3149.64,3,0
26,43859.98,6785.93,467.0,0.1,21079.06,7,1
61,44078.04,14592.61,734.0,8.2,7908.39,13,0
59,57519.98,19504.8,574.0,0.7,12948.98,12,1
24,105647.75,2156.99,636.0,1.7,11092.02,1,0
33,54582.07,16133.23,715.0,17.4,11944.01,8,0
22,57530.29,16747.82,652.0,0.3,2716.12,14,0
25,49995.79,26698.7,706.0,2.1,16023.64,12,0
64,69754.26,36721.19,846.0,0.4,7470.08,1,0
47,33521.66,2576.24,694.0,9.6,17002.41,7,0
52,92920.75,26337.23,592.0,6.1,10554.01,6,0
41,52516.82,14696.96,534.0,8.1,18523.88,10,0
28,47096.2,8531.43,704.0,3.7,11601.91,8,0
58,74400.74,17952.43,657.0,2.2,6886.33,6,0
28,37181.55,4581.67,540.0,0.0,16433.75,5,1
23,69385.02,5059.1,744.0,1.6,8829.86,9,0
64,83103.4,1118.73,708.0,3.6,11228.5,4,0
23,50173.14,19368.71,649.0,5.5,8535.51,7,0
42,96056.83,17616.09,825.0,1.3,4754.38,6,0
26,67885.83,8484.93,732.0,0.7,7043.46,10,0
22,68133.89,27188.81,571.0,1.1,12269.9,6,0
43,82317.31,9696.35,744.0,2.2,13833.0,11,0
64,87614.7,25263.92,670.0,0.8,0.0,12,0
22,60236.78,15976.65,801.0,0.9,9921.89,5,0
58,70938.11,9589.05,725.0,0.2,7532.6,2,0
37,82926.83,14080.15,689.0,9.7,0.0,4,0
55,31763.78,4970.06,684.0,1.2,13145.07,1,0
54,20409.95,16733.87,555.0,8.6,18839.85,9,1
43,53848.92,15244.4,609.0,2.9,16890.03,9,0
50,19930.17,19219.58,667.0,5.0,0.0,8,0
28,48720.1,22033.22,540.0,0.4,9947.18,4,0
42,61287.47,15924.93,687.0,4.4,4102.02,5,0
64,49487.22,3189.43,591.0,1.7,5310.62,1,0
56,52168.14,22458.91,619.0,0.5,6486.92,4,0
25,34966.67,15117.31,707.0,11.9,0.0,4,0
33,70762.87,1000.0,606.0,4.6,0.0,5,0
49,33730.73,17476.92,688.0,1.4,8511.17,2,0
51,15000.0,18080.99,662.0,2.7,9486.21,2,1
36,50853.22,12132.16,565.0,2.2,6827.76,12,0
62,73300.4,13417.31,721.0,6.0,507.67,2,0
50,56596.62,10237.88,725.0,4.7,5575.62,11,0
36,31704.06,18329.01,729.0,0.1,16672.64,8,0
32,57039.02,16119.93,803.0,1.1,5823.42,13,0
37,63766.07,7734.17,617.0,3.3,4983.22,12,0
36,56806.33,27943.76,494.0,2.9,15421.22,2,1
32,49708.32,9673.58,597.0,3.6,6705.52,6,0
28,64720.77,1000.0,727.0,6.3,12082.6,2,0
40,20231.46,11234.61,643.0,5.7,10765.12,13,1
23,37120.89,23247.5,538.0,2.3,2646.52,8,0
36,28895.84,13347.74,515.0,10.5,2055.77,14,0
50,81967.73,1921.76,764.0,0.3,0.0,1,0
43,69240.63,6775.27,699.0,4.4,1941.85,2,0
48,58702.5,6352.11,610.0,14.9,12961.95,14,0
60,25987.57,10397.71,801.0,4.0,3069.2,5,0
25,69882.96,12906.36,850.0,3.0,7172.54,6,0
40,82730.8,18950.84,733.0,0.7,6310.06,9,0
60,66429.89,16027.51,710.0,8.3,10277.58,6,0
64,54296.45,16411.23,692.0,2.3,0.0,8,0
21,67634.36,29234.83,718.0,6.0,14588.31,12,0
50,60458.32,21886.63,807.0,1.1,16617.21,7,0
41,73521.52,21182.44,572.0,0.2,7849.08,1,0
40,73073.71,1000.0,623.0,1.8,0.0,2,0
26,50578.69,8985.56,646.0,1.7,2845.43,4,0
42,41787.17,2223.81,696.0,10.3,9896.06,12,0
38,47003.54,8847.58,775.0,10.0,10232.88,1,0
28,65717.01,21358.93,683.0,3.8,6453.33,8,0
59,48211.21,11857.37,700.0,0.1,14603.7,4,0
52,39989.41,23579.53,704.0,1.3,4542.56,7,0
53,54980.93,20545.08,652.0,5.1,13904.64,7,0
36,77149.14,15403.62,617.0,0.5,8006.03,8,0
32,57702.16,23768.37,656.0,6.0,4603.49,9,0
58,49475.64,25915.33,598.0,0.1,12389.42,9,1
54,61408.64,18635.1,599.0,5.7,7736.52,14,0
34,56680.78,16839.74,679.0,9.3,13324.85,7,0
56,16327.26,20066.95,612.0,3.2,25438.23,9,1
53,68935.18,3747.31,798.0,8.8,2396.07,5,0
43,63149.17,14059.43,662.0,7.6,13284.75,10,0
22,55323.44,14808.08,759.0,5.6,11827.71,4,0
61,76247.13,12050.05,550.0,2.9,18675.86,3,0
41,79259.99,8684.03,553.0,1.6,13484.89,6,0
22,70975.37,22984.36,641.0,9.9,17437.63,10,0
47,37993.98,16360.47,725.0,5.2,2097.32,11,0
29,38685.78,17087.93,611.0,8.0,346.52,9,0
21,77346.71,26396.64,642.0,4.0,2356.26,4,0
31,17455.52,13437.37,730.0,0.9,7058.93,14,0
23,52023.05,11889.77,619.0,19.4,16295.08,2,0
43,63796.52,25890.34,589.0,1.0,17634.48,11,0
46,19991.85,3074.08,707.0,12.1,5811.06,3,0
24,59686.86,15409.53,546.0,1.2,7326.63,3,0
38,74088.58,9098.86,620.0,2.3,968.23,2,0
26,25288.48,17341.43,659.0,2.9,8436.61,13,1
55,88163.4,19575.72,692.0,12.7,6810.74,9,0
42,34803.4,20020.73,716.0,11.0,6828.03,4,0
63,66494.72,23209.91,728.0,8.7,15084.36,3,0
35,53328.07,12979.78,626.0,2.4,10428.86,14,0
42,56390.31,13478.23,727.0,0.0,155.42,10,0
57,29330.1,19212.82,690.0,5.7,0.0,6,0
62,80209.46,22100.01,708.0,2.6,11311.84,8,0
32,61517.67,4597.57,599.0,7.1,9394.24,11,0
62,87416.8,17512.97,703.0,7.9,10265.9,8,0
58,29851.66,11838.05,638.0,2.9,9395.02,10,0
38,51375.31,15697.22,654.0,6.9,1132.65,6,0
55,59190.58,12146.49,663.0,9.2,6861.36,5,0
50,56207.66,9218.03,819.0,13.2,6166.12,11,0
44,68335.71,6851.81,577.0,4.4,7512.41,7,0
62,51121.63,13791.81,745.0,7.5,13270.16,3,0
50,97440.52,17867.25,764.0,3.4,4535.63,12,0
34,55796.85,10175.94,716.0,0.2,1064.01,10,0
26,15000.0,24518.5,607.0,0.8,16039.68,2,1
23,56684.02,34667.6,786.0,0.7,3618.43,13,0
36,80229.28,18305.0,623.0,0.9,14914.6,8,0
27,36533.88,14670.12,705.0,0.1,20908.77,11,0
34,35264.9,7701.9,660.0,9.8,17042.58,12,0
29,38192.21,17960.46,620.0,4.1,11986.97,14,0
35,33470.46,26817.41,694.0,2.4,6810.91,9,0
41,45411.97,30587.84,800.0,2.6,13478.49,12,0
55,73185.94,26169.25,671.0,3.1,7862.54,6,1
22,85526.65,21746.48,808.0,0.4,16492.55,4,0
47,15000.0,18281.55,635.0,1.6,11831.22,6,1
22,47430.91,6610.66,656.0,9.5,10269.95,12,0
55,61053.96,14202.23,552.0,6.8,8295.55,7,0
38,59053.57,13272.97,605.0,4.1,5035.04,12,0
34,92998.79,14254.37,633.0,3.3,7986.45,8,0
40,15000.0,9244.7,624.0,1.5,9756.95,3,0
38,15000.0,21062.9,573.0,3.2,6458.33,12,1
30,96244.25,12809.08,589.0,4.6,9788.08,6,0
45,70068.67,12159.76,627.0,6.2,13913.64,14,0
22,43572.57,9271.79,745.0,0.9,9665.42,10,0
45,58431.98,16858.4,530.0,8.4,4793.54,6,0
53,59864.35,26974.2,483.0,2.1,0.0,10,0
56,43089.58,14918.33,509.0,3.5,15282.56,7,0
51,57835.57,17253.92,582.0,4.7,7336.54,14,0
34,62096.27,30482.08,701.0,3.3,9202.78,4,0
21,95310.61,24627.54,621.0,4.2,11269.96,6,0
36,74269.02,19701.96,620.0,0.6,11271.49,2,0
23,89786.46,19365.58,619.0,2.8,12546.69,8,0
55,28128.57,10175.47,500.0,1.6,14052.99,3,0
61,48056.05,9393.04,719.0,0.4,12533.24,9,0
26,59844.94,16131.27,755.0,1.1,0.0,8,0
45,16577.98,16334.19,623.0,4.6,10357.88,12,1
33,78637.19,8201.88,657.0,1.1,9529.97,6,0
54,67844.2,20626.37,659.0,1.0,6483.19,10,0
28,47656.83,12781.62,565.0,4.0,10877.19,2,0
41,51333.31,24018.57,615.0,11.8,8121.51,8,1
54,80077.34,14556.73,793.0,7.8,4592.25,11,0
24,39091.24,13848.64,650.0,11.8,15420.49,6,0
45,80883.71,7500.83,668.0,4.4,10086.73,11,0
35,49959.23,8377.12,595.0,2.6,9034.96,1,0
24,70119.92,25542.11,616.0,6.5,0.0,6,0
32,56735.28,17151.71,702.0,1.5,20771.79,13,0
52,99663.88,18114.42,583.0,0.4,0.0,5,0
52,37252.15,27805.18,780.0,2.1,11145.22,6,1
48,43534.35,4459.29,521.0,1.8,12277.84,13,1
33,24877.49,20370.05,599.0,5.6,17866.51,1,1
51,33064.86,2296.87,532.0,4.0,2230.01,4,0
34,69262.56,11498.78,756.0,0.7,3147.37,7,0
40,87003.27,5839.3,647.0,12.0,12802.26,13,0
38,71529.62,21868.72,627.0,4.5,11905.57,5,0
49,54892.17,1000.0,682.0,3.1,18210.79,6,0
26,37127.71,13159.32,762.0,13.8,14524.47,2,0
52,72968.37,5729.84,667.0,0.5,5969.57,8,0
49,36027.96,8161.53,741.0,7.8,7333.67,10,0
63,28020.97,9394.31,627.0,2.3,11138.13,4,0
22,48830.61,25552.84,573.0,5.9,0.0,6,0
43,15000.0,12318.16,669.0,13.3,11366.53,3,1
39,27372.3,28818.61,594.0,3.6,11800.56,9,1
51,92719.81,30492.69,705.0,0.1,3139.67,13,0
25,23663.83,31909.47,617.0,0.1,6722.09,8,1
39,31237.03,14529.86,643.0,2.0,0.0,14,0
54,56436.66,16682.86,471.0,7.6,13573.35,6,0
30,57478.08,18023.65,640.0,1.7,10507.73,9,0
45,50307.51,12060.1,631.0,2.0,160.51,10,0
22,15000.0,18394.96,743.0,7.7,1639.65,9,0
31,71969.79,7518.43,720.0,0.6,5392.42,2,0
51,46138.93,1000.0,652.0,9.4,13095.75,9,0
35,79408.99,20713.08,520.0,1.5,11027.22,8,0
29,42103.65,12201.81,615.0,0.3,3066.61,2,0
43,74649.89,7186.47,743.0,0.6,4440.35,9,0
39,80921.67,8198.19,634.0,15.2,8315.58,5,0
29,45661.15,27120.97,565.0,3.0,3196.0,13,0
55,72609.0,18712.9,742.0,1.5,4877.32,12,0
41,28429.11,2821.54,520.0,3.7,12151.21,9,0
29,60273.79,5504.11,641.0,5.7,639.07,3,0
48,79444.55,12664.96,695.0,1.9,7145.8,4,0
27,65369.86,18811.27,660.0,6.5,6699.41,1,0
36,103124.48,8643.43,551.0,1.5,7742.87,11,0
36,66487.16,13616.43,576.0,0.6,9585.27,5,0
53,47694.57,15916.41,594.0,4.0,11687.54,7,0
24,111817.73,16082.15,713.0,0.8,12705.31,13,0
24,87674.02,1000.0,664.0,14.1,5936.34,7,0
59,22941.85,16773.13,619.0,0.0,7091.41,6,1
60,39316.73,1137.12,683.0,7.0,10105.74,13,0
37,34236.84,12708.81,590.0,1.6,9080.84,6,0
57,67912.59,10988.68,709.0,9.4,11424.24,8,0
59,66423.16,6370.14,686.0,0.3,10698.15,11,0
49,66269.04,21745.34,632.0,15.3,3056.76,10,0
56,22401.81,6008.19,637.0,0.5,19246.68,9,1
58,42238.17,10816.5,623.0,7.8,8022.06,4,0
59,52014.29,22029.87,730.0,3.6,12198.22,14,0
57,18561.59,10588.0,667.0,2.8,11663.53,4,1
55,37563.44,8931.92,633.0,1.6,9631.55,8,0
27,82128.67,12854.76,572.0,9.2,9574.02,5,0
47,23918.48,19324.02,697.0,1.1,13564.0,10,0
48,84105.21,26570.46,693.0,6.4,6750.26,14,0
42,76822.98,7511.03,608.0,3.0,12653.62,9,0
34,49185.26,8159.34,616.0,32.5,11014.54,6,0
27,42022.54,12789.32,641.0,4.7,15054.74,9,0
57,71636.55,16841.13,558.0,0.6,5021.58,12,0
42,39245.2,8838.03,656.0,2.7,8505.85,12,0
25,40240.04,20508.51,518.0,0.3,2868.5,4,0
22,54522.63,7661.78,548.0,1.7,14658.63,1,0
47,15000.0,1000.0,609.0,2.1,3564.45,14,0
41,26000.49,19254.2,600.0,9.6,9992.3,4,0
58,48686.78,20180.72,686.0,9.1,5277.85,9,0
35,64513.92,23357.21,673.0,0.1,14847.11,13,0
41,38968.52,1000.0,760.0,3.8,7648.81,7,0
30,51047.79,9675.08,657.0,1.3,11906.84,6,0
43,22730.81,12991.53,666.0,1.9,1496.97,14,0
59,73649.68,29055.67,557.0,0.1,4212.78,14,1
25,59401.65,13726.39,557.0,6.9,11642.25,2,0
21,61170.92,4227.87,655.0,15.0,15745.72,4,0
33,64765.01,17373.92,657.0,1.2,11156.43,1,0
41,56562.55,25475.65,673.0,2.1,22297.91,13,0
46,45324.54,23773.11,752.0,1.2,12748.88,3,0
41,77593.09,19494.39,561.0,13.3,8096.12,13,0
38,58137.62,17101.06,785.0,0.0,6074.01,2,0
57,51685.61,1000.0,531.0,4.4,18902.41,13,0
52,54826.91,15205.33,680.0,10.2,12844.69,4,0
56,54400.7,16425.12,550.0,1.0,4907.44,4,0
37,51484.69,13720.72,708.0,4.5,4046.68,11,0
55,63922.13,20656.8,531.0,0.3,4017.57,14,0
31,36282.8,13592.02,431.0,8.4,11067.51,9,0
41,37744.18,12051.49,662.0,1.6,0.0,7,0
46,66185.27,23311.98,640.0,22.4,4934.35,13,0
24,52095.21,11691.29,738.0,12.8,9785.16,3,0
54,74427.86,15517.23,656.0,6.6,8165.67,7,0
38,63177.58,22180.25,590.0,3.4,5270.04,8,0
60,43947.44,6914.65,607.0,7.3,12168.95,12,0
55,66501.93,6046.51,850.0,0.7,12138.25,7,0
61,78943.82,25863.52,580.0,1.9,6701.21,8,0
49,63939.59,10258.3,692.0,0.1,4811.44,14,0
49,68311.7,20539.46,682.0,5.2,13187.46,9,0
58,51564.58,1000.0,694.0,8.2,7047.67,1,0
62,74860.8,1000.0,687.0,14.6,8084.29,10,0
41,43386.19,17913.84,629.0,5.8,12697.08,6,0
62,61770.86,13979.83,509.0,6.6,1399.7,4,0
33,106390.12,17989.05,662.0,11.3,4890.49,1,0
61,65777.62,29997.67,649.0,13.8,6434.49,2,0
37,46585.78,5101.27,660.0,3.4,19442.89,10,0
29,46534.16,15305.5,695.0,0.6,484.36,4,0
61,53573.17,26819.73,617.0,3.1,8238.68,1,0
21,72024.92,6256.08,600.0,4.1,2680.51,6,0
22,57915.55,10322.18,722.0,5.0,21855.3,1,0
49,42029.44,1000.0,624.0,22.7,9600.9,13,0
53,41994.06,32902.79,611.0,12.5,2281.23,9,0
30,58040.99,1000.0,604.0,2.5,0.0,10,0
60,55847.9,21388.69,698.0,0.6,11672.06,3,0
41,64099.52,4441.6,633.0,1.2,9158.72,12,0
48,73349.8,6592.86,827.0,1.0,11814.37,11,0
31,109547.19,23511.63,655.0,2.2,1960.53,1,0
54,25759.33,9059.92,553.0,10.5,19209.69,6,1
28,68737.24,20214.3,615.0,2.9,8491.39,6,1
42,56966.15,26040.25,702.0,4.2,10546.41,7,0
28,18108.48,16605.58,602.0,1.0,11743.54,7,0
35,79990.61,22114.29,649.0,3.4,8616.07,10,0
37,63423.46,15645.39,728.0,10.3,15833.32,11,0
43,70996.13,16016.05,740.0,7.4,4820.4,4,0
44,21011.62,9920.57,608.0,0.4,14133.94,5,0
39,50591.66,30430.88,629.0,9.9,15998.85,3,1
25,33416.06,20942.76,658.0,1.6,14219.83,6,0
52,98262.02,19174.44,757.0,5.5,16606.07,13,0
64,77891.01,21162.36,562.0,0.8,3617.87,14,0
21,41380.64,9581.68,679.0,5.6,10979.86,7,0
43,24267.22,22447.78,654.0,0.2,10504.52,9,1
57,58881.1,27447.05,578.0,4.6,8449.4,9,0
28,76848.44,3954.42,749.0,5.2,11761.56,12,0
33,20298.93,19332.5,729.0,1.4,15242.12,13,0
28,36364.51,15502.32,773.0,13.8,3665.84,5,0
43,32888.31,10846.52,744.0,0.2,757.37,4,0
63,72338.92,6253.95,651.0,11.1,6769.91,7,0
21,47603.42,23415.36,700.0,2.4,0.0,14,0
44,48441.27,16663.92,677.0,6.3,7583.74,3,0
55,58493.09,13342.96,577.0,5.3,16577.93,4,0
44,37434.38,19339.06,546.0,0.9,0.0,9,0
37,26126.27,13980.15,680.0,1.9,5493.88,5,0
25,82393.7,9367.43,658.0,3.8,1179.72,10,0
40,84249.71,16031.62,623.0,9.4,10380.27,14,0
41,58591.65,14775.95,643.0,15.5,11821.0,7,0
60,60043.11,1000.0,792.0,0.1,8128.56,2,0
51,80220.28,9963.47,476.0,2.2,3890.93,9,0
56,58133.07,4884.84,701.0,5.5,9141.61,5,0
31,46618.44,1788.78,717.0,3.8,15423.57,5,0
35,55786.78,18741.59,727.0,14.3,13338.1,4,0
39,82863.37,9649.86,540.0,0.1,5558.79,8,0
27,56066.43,23331.25,627.0,2.9,6054.95,11,0
48,41612.35,1000.0,623.0,5.5,5889.69,4,0
63,57940.04,12617.97,673.0,1.2,10942.56,2,0
25,68124.46,10072.59,560.0,6.5,0.0,5,0
25,65725.07,2376.28,680.0,0.4,11256.13,3,0
50,66056.48,15040.7,579.0,3.0,4751.57,4,0
52,38466.45,3074.68,626.0,5.6,6410.3,3,0
28,70402.07,16781.73,758.0,1.6,3615.93,7,0
30,55569.32,20766.07,717.0,0.4,12387.65,14,0
58,40764.18,17140.43,660.0,15.7,4443.65,6,0
52,70243.03,18151.07,539.0,12.3,2243.74,2,0
48,45927.22,23249.88,677.0,13.0,4525.15,11,0
37,23514.05,14785.89,682.0,19.2,1507.2,14,0
51,34987.95,8391.78,482.0,1.0,13170.16,8,1
28,51367.26,10128.39,678.0,0.9,1383.42,5,0
60,66566.05,10301.01,564.0,0.2,7740.46,6,0
45,37718.6,6653.29,532.0,11.1,4096.19,8,0
29,50186.75,21273.69,560.0,7.0,17411.26,11,0
22,30667.86,19215.22,477.0,5.0,10537.73,11,0
35,74640.66,1679.97,617.0,13.1,4224.63,12,0
23,89346.62,8389.4,570.0,4.3,9029.26,7,0
56,87185.65,6264.12,741.0,0.7,2543.69,11,0
24,74299.59,17538.77,621.0,1.0,12028.86,3,0
34,72250.2,23612.08,592.0,0.7,9006.26,2,0
61,15000.0,18585.49,523.0,1.8,10513.88,3,1
61,58543.46,9390.46,616.0,2.4,2278.35,8,0
45,45078.15,12448.17,758.0,8.0,0.0,4,0
30,72609.33,3857.19,774.0,1.1,0.0,8,0
41,15000.0,4470.7,621.0,6.5,0.0,4,0
56,58859.35,21768.4,644.0,3.4,8065.31,7,0
32,50711.12,26552.9,706.0,39.9,19530.9,13,0
47,77368.6,9281.85,568.0,7.5,5604.49,6,0
60,85959.74,15384.95,680.0,17.4,4527.48,10,0
22,36423.08,20764.19,839.0,2.1,7674.47,1,0
33,37325.79,1689.26,711.0,0.7,3282.75,13,0
52,59609.93,6610.51,709.0,3.5,309.18,11,0
51,89675.25,30949.08,758.0,0.7,4072.65,8,0
36,56202.89,7338.27,722.0,3.4,6638.26,6,0
52,29416.77,12105.33,630.0,1.6,19156.42,2,0
52,42882.63,10176.53,556.0,3.4,5068.95,5,0
54,59053.28,1000.0,639.0,14.9,9168.68,12,0
31,59804.05,15661.78,572.0,1.7,0.0,2,0
30,40918.25,14797.99,627.0,25.1,12163.23,10,0
35,42484.19,16446.81,580.0,1.3,3564.21,7,0
37,35368.64,14323.4,619.0,1.2,1223.7,11,0
60,77823.42,11321.11,531.0,3.9,1831.45,10,0
38,38304.5,10861.82,595.0,9.2,4148.46,6,0
29,45704.12,10998.59,682.0,6.9,1063.23,7,0
45,45134.94,7090.48,703.0,6.4,9747.71,6,0
60,22880.86,8329.56,685.0,1.7,1493.91,10,0
34,37731.69,7224.69,620.0,0.1,11875.13,1,0
45,79562.75,19587.28,660.0,0.9,4948.28,3,0
42,30814.24,17448.82,806.0,2.1,2498.22,10,0
50,35727.15,15217.07,592.0,17.8,3900.41,2,0
40,28349.08,30538.12,778.0,12.6,1906.33,1,0
41,53187.77,7594.44,534.0,1.1,8129.51,1,0
64,92709.53,23950.21,513.0,6.5,4728.7,4,0
52,52346.12,12919.76,638.0,4.3,14668.27,11,0
41,56335.24,16257.32,647.0,0.3,0.0,1,0
55,39091.06,20369.09,560.0,2.3,15008.7,2,0
52,53767.64,11179.71,624.0,3.3,3964.15,1,0
50,79581.01,6546.42,682.0,5.5,17602.47,13,0
59,57858.19,7865.79,572.0,1.7,8722.93,12,0
32,97635.4,1000.0,731.0,13.6,15198.19,12,0
61,80189.59,19854.37,740.0,3.0,7543.26,6,0
38,53273.67,19661.92,750.0,1.4,7174.59,11,0
41,52884.24,27669.2,577.0,1.9,2306.79,4,0
33,87618.46,18319.43,588.0,7.0,7451.18,8,0
41,57746.51,20241.8,636.0,5.1,2001.01,11,0
28,83178.43,14347.63,628.0,6.8,9123.83,5,0
60,95058.15,18719.03,624.0,1.7,8968.03,14,0
27,50915.61,23716.74,710.0,2.0,7264.14,10,0
43,62039.11,16451.78,699.0,2.5,15421.86,5,0
64,74600.08,10830.15,580.0,1.0,10985.62,11,0
52,70350.0,13238.19,559.0,5.9,2479.19,11,0
31,70209.81,21014.91,551.0,2.0,11410.19,8,0
42,28330.52,11069.89,580.0,2.0,13712.2,11,0
42,38031.67,22112.53,718.0,1.6,0.0,10,0
63,45094.66,30268.78,661.0,3.0,1502.06,6,0
45,79288.42,22211.7,724.0,7.4,5185.55,6,0
42,30292.5,20977.09,514.0,9.0,3116.56,3,0
48,85464.53,17781.06,672.0,8.2,11828.76,13,0
49,70596.68,8785.04,671.0,4.9,2681.77,6,0
33,78084.6,8059.34,746.0,1.6,2033.22,10,0
38,36409.34,7979.02,617.0,6.6,9432.4,13,0
22,56446.05,19437.86,612.0,0.2,6614.03,7,0
49,60978.86,11884.3,771.0,8.0,14735.14,2,0
41,60099.34,14768.06,636.0,7.6,10225.6,3,0
35,60913.15,18349.25,664.0,5.5,28416.43,6,0
47,49469.47,8276.63,688.0,0.5,1455.77,10,0
51,57704.14,10984.61,517.0,29.6,0.0,9,0
35,75671.28,17583.06,653.0,7.1,16254.51,13,0
43,31669.75,12673.17,550.0,6.6,26400.19,9,1
44,85941.0,13420.39,643.0,0.3,6660.28,8,0
64,74637.98,6738.76,626.0,2.5,6090.88,8,0
33,35695.96,13528.71,609.0,0.5,8763.71,9,0
42,62676.72,28217.36,700.0,2.2,2884.35,11,0
63,73029.98,11429.18,658.0,4.2,0.0,11,0
57,30294.13,5823.91,565.0,10.6,9457.24,9,0
53,55839.57,22665.09,562.0,1.7,8057.36,10,0
23,53429.69,19186.84,717.0,4.9,0.0,11,0
39,42088.39,16700.95,647.0,0.9,4296.46,13,0
43,56847.14,4450.86,536.0,2.2,0.0,9,0
49,42994.27,5587.09,617.0,14.7,10229.1,5,0
50,82486.14,2701.45,637.0,6.9,7838.61,6,0
59,42467.11,18452.25,551.0,3.9,8972.2,5,0
64,70839.58,23158.95,599.0,1.4,11119.08,13,0
45,21892.27,18722.14,723.0,2.4,14577.35,1,0
57,51763.8,30599.22,849.0,0.9,9067.97,4,0
28,55246.22,11464.77,674.0,2.2,11691.06,14,0
62,51114.18,12410.64,542.0,0.8,18914.32,11,0
36,47073.63,15852.5,633.0,7.9,13799.31,13,0
28,41649.7,13164.01,660.0,0.4,9309.36,1,0
21,70090.82,18989.69,713.0,1.0,8940.44,12,0
64,74989.16,9883.03,715.0,5.9,3024.77,1,0
25,53356.78,3842.21,759.0,11.6,4121.36,3,0
23,33067.25,1000.0,650.0,16.7,7408.06,7,0
21,90878.99,18844.1,651.0,9.0,5878.43,1,0
24,37404.05,10792.71,499.0,1.2,19312.87,7,1
60,25811.55,5643.67,569.0,1.7,10237.16,10,0
55,15000.0,10047.53,541.0,10.2,9743.41,14,1
52,56989.04,30620.26,583.0,11.0,15039.06,10,0
62,50651.67,6112.85,558.0,5.1,9098.36,13,0
54,75619.13,20817.53,563.0,1.9,6344.91,1,0
63,67221.69,18368.75,737.0,1.3,9549.99,9,0
45,60804.02,25731.46,496.0,9.6,10438.93,5,0
30,49572.66,14015.26,634.0,1.1,16401.08,13,0
41,77199.55,2517.24,719.0,5.4,0.0,6,0
59,92347.8,22940.36,626.0,17.2,3564.32,12,0
47,75179.58,13001.42,756.0,6.1,7562.5,9,0
47,45729.37,25195.71,602.0,1.5,13623.36,11,0
22,70631.31,21527.75,790.0,1.7,12723.47,3,0
61,46958.21,22966.96,525.0,0.5,8650.02,3,0
33,32898.65,33947.85,756.0,5.8,14115.8,5,1
29,37019.22,17255.98,578.0,3.7,3956.75,13,0
56,47836.43,26542.84,766.0,1.2,19300.15,13,0
42,57079.19,11761.24,613.0,1.3,2985.81,7,0
62,96211.62,19325.69,738.0,0.0,0.0,3,0
46,37366.21,10981.83,752.0,19.2,11631.06,4,0
32,81469.77,18833.92,604.0,8.8,0.0,14,0
37,48654.81,17998.44,732.0,2.5,4946.63,2,0
34,15000.0,1000.0,648.0,14.6,7140.99,9,0
34,44885.48,10106.18,533.0,5.7,10489.33,10,0
54,78533.94,16842.53,691.0,7.0,14077.6,9,0
40,61893.39,1000.0,569.0,5.7,0.0,13,0
31,63089.02,14233.25,598.0,7.1,1246.86,11,0
36,81570.08,23067.76,579.0,0.9,28481.16,2,1
51,34273.27,25401.97,680.0,4.1,6733.08,5,0
26,33964.99,8740.44,571.0,9.5,0.0,1,0
39,15000.0,25915.25,552.0,0.1,1948.64,8,1
57,72541.64,24664.93,567.0,0.7,4835.4,6,0
24,66249.68,1000.0,593.0,1.4,8029.92,14,0
24,69479.33,15926.34,690.0,1.7,15155.42,10,0
40,31339.78,16811.43,723.0,1.0,17803.31,10,0
30,22915.02,27150.36,722.0,4.9,3053.15,2,1
44,28607.63,17291.08,647.0,1.7,4592.14,2,0
55,36548.55,26149.85,645.0,0.9,8891.04,10,0
46,86079.18,8753.75,635.0,11.8,3643.79,5,0
57,75002.53,2215.61,686.0,5.9,15156.98,7,0
58,45835.59,9817.29,740.0,1.4,22800.3,9,0
41,60985.04,27615.91,638.0,2.2,8128.0,9,0
60,41432.76,22407.36,693.0,6.8,9970.57,12,0
59,62285.6,33579.69,551.0,7.8,4484.23,11,0
41,32238.09,3453.36,718.0,1.0,10014.47,6,0
30,70005.03,23330.58,667.0,13.8,1638.94,2,0
58,38005.93,21038.93,567.0,7.7,2305.32,6,0
24,71118.3,12717.47,736.0,9.7,0.0,1,0
40,46451.54,21207.42,551.0,0.8,12895.53,11,1
37,39198.48,16119.72,468.0,0.8,16332.85,11,1
27,87259.93,18682.46,718.0,1.8,14183.85,13,0
24,58538.92,20444.4,681.0,0.3,8563.44,2,0
49,48556.37,22840.87,553.0,0.5,6120.04,12,0
34,70163.57,15694.49,678.0,0.8,7443.58,3,0
23,28200.18,29218.69,744.0,6.2,1884.16,5,0
44,77137.27,13274.2,671.0,0.2,13645.48,10,0
57,52211.11,30070.06,845.0,0.4,14290.46,1,0
36,67015.75,5977.25,582.0,14.4,1625.21,12,0
24,24042.53,7119.52,471.0,0.4,2394.12,10,0
44,47351.48,7587.92,537.0,3.9,45.1,13,0
54,55091.6,22654.89,466.0,5.1,6472.72,14,0
50,75605.98,8556.31,821.0,15.9,7869.74,13,0
38,68608.22,26921.0,650.0,11.5,8398.71,13,0
39,47150.46,10788.21,805.0,2.9,7.13,5,0
51,61358.96,18194.29,622.0,14.3,3607.25,5,0
39,80131.38,20120.7,578.0,2.8,3617.9,4,0
39,51000.23,6874.05,512.0,5.5,12385.56,3,0
42,48822.7,3873.81,618.0,1.5,2023.99,7,0
44,17205.91,17263.07,718.0,5.1,8326.14,11,1
32,49418.55,12782.07,632.0,3.9,3748.73,7,0
50,20207.46,18987.59,522.0,4.7,6850.45,1,1
58,52713.31,4234.74,702.0,5.7,13673.43,7,0
51,74762.7,12145.94,717.0,1.0,566.93,3,0
56,15000.0,13545.3,608.0,1.8,0.0,13,0
39,79684.18,1000.0,598.0,6.7,0.0,3,0
56,48395.54,22963.66,513.0,0.9,10503.91,6,0
50,54456.7,8940.47,700.0,2.1,814.97,6,0
53,44951.6,26993.29,613.0,5.5,3723.97,11,0
38,20735.26,9457.35,436.0,13.9,10723.64,13,0
48,39340.22,10829.39,531.0,0.4,12823.42,4,0
31,96948.2,5064.7,695.0,3.6,14196.09,5,0
53,33079.09,24172.9,623.0,0.4,11324.13,3,0
37,23229.15,18633.29,559.0,2.4,1245.46,3,0
26,57825.82,26201.09,654.0,1.0,17637.78,9,0
24,53284.47,13341.21,583.0,5.2,2342.6,5,0
40,48533.4,14666.27,599.0,7.1,4182.84,1,0
47,55288.96,1543.89,628.0,1.4,7967.03,9,0
35,67884.05,10007.64,785.0,6.2,9672.37,10,0
26,43256.73,16363.99,784.0,3.0,16631.6,6,0
34,58888.2,18097.61,492.0,1.7,4203.25,9,0
31,75477.49,29591.5,645.0,3.7,10282.49,14,0
59,35094.23,1000.0,534.0,2.4,4236.8,11,0
29,15000.0,16835.64,565.0,1.3,17645.03,7,1
46,68416.17,11990.1,501.0,7.1,10563.29,11,0
36,105059.25,15604.03,581.0,8.0,15735.61,10,0
25,54852.91,15821.73,555.0,8.1,1083.58,10,0
30,59038.64,13470.52,732.0,2.4,4633.29,7,0
23,49083.83,5935.14,583.0,0.9,9491.95,5,0
33,86761.22,4449.78,494.0,9.2,15830.58,7,0
63,53444.86,12880.71,650.0,2.0,13953.63,10,0
50,51268.72,3635.06,636.0,6.9,17002.56,4,0
26,73217.28,14096.77,629.0,8.5,16048.0,11,0
37,45314.54,12973.04,699.0,7.3,12672.37,11,0
39,29306.13,1000.0,749.0,2.5,8920.23,6,0
62,72646.01,30468.9,628.0,13.9,1310.32,2,0
55,43169.06,15618.06,671.0,5.4,0.0,14,0
46,35490.8,1000.0,630.0,4.3,8746.03,10,0
25,97000.96,16977.06,691.0,6.0,12815.89,3,0
49,51428.06,13372.89,532.0,0.2,0.0,2,0
57,64884.52,4457.87,699.0,2.5,955.25,13,0
40,55590.56,17474.42,673.0,10.7,1900.84,10,0
41,37273.61,7462.77,573.0,0.9,6874.34,2,0
30,68788.67,16544.26,827.0,2.7,8619.32,7,0
25,61291.58,9387.92,541.0,2.6,14488.64,5,0
56,41812.4,7755.37,676.0,2.2,104.58,13,0
26,63663.81,14875.73,573.0,4.1,10065.36,13,0
46,44713.8,2023.26,696.0,27.9,0.0,6,0
24,32910.09,14339.7,810.0,1.5,13014.66,3,0
59,30886.65,20258.03,712.0,6.1,5110.18,10,0
59,60401.17,25164.89,641.0,7.1,727.13,5,0
55,47345.38,23708.55,724.0,4.4,3966.45,5,0
21,85034.08,25826.64,603.0,0.5,1307.95,11,0
44,54140.84,11362.29,689.0,4.2,8552.93,4,0
56,39295.93,6802.91,657.0,15.3,11744.39,10,0
26,58156.35,21522.85,553.0,2.1,14187.34,4,0
61,29114.65,10864.85,787.0,5.1,4886.93,12,0
64,53317.38,15050.1,750.0,16.0,16327.71,13,0
51,61383.34,20974.94,582.0,8.0,7853.81,8,0
40,58913.45,31168.78,732.0,5.8,15590.73,6,0
44,81056.0,19230.4,556.0,17.7,7056.43,11,0
45,106950.34,16640.82,687.0,0.9,6614.23,2,0
56,68427.95,6031.11,654.0,7.4,11470.59,2,0
41,78575.93,24354.84,784.0,2.6,9847.72,2,0
50,105869.25,18269.14,677.0,2.2,4675.5,6,0
44,34875.48,12222.86,526.0,3.7,14931.58,12,0
64,57612.55,11396.65,732.0,0.2,2259.84,1,0
62,45440.07,11745.1,615.0,1.9,11470.64,3,0
50,71853.15,15351.72,611.0,0.9,11206.87,1,0
42,60432.38,3327.94,652.0,0.7,14387.56,4,0
48,38631.35,24744.18,604.0,2.1,14505.2,13,1
27,55218.96,23277.39,794.0,8.1,6908.35,1,0
55,75938.45,13660.09,714.0,1.1,8196.75,9,0
48,28925.51,11762.8,558.0,3.8,7794.73,11,0
34,39053.11,14814.58,592.0,6.9,18473.45,12,1
30,36054.5,16172.49,545.0,1.4,11905.87,11,1
36,61527.93,12599.23,727.0,12.9,14262.66,13,0
36,79810.32,22992.68,645.0,10.1,6493.7,6,0
51,15000.0,3607.13,572.0,1.4,1239.88,14,0
62,56887.97,9304.51,776.0,22.8,2387.19,8,0
45,36515.59,21201.94,690.0,5.5,14074.99,14,0
33,75108.06,17594.21,665.0,1.7,3610.34,2,0
26,50260.63,9563.67,661.0,5.7,27170.93,14,0
64,57613.48,18203.75,541.0,5.5,5566.1,6,0
29,54973.26,8656.32,695.0,4.7,10107.28,4,0
56,77484.38,12519.07,616.0,6.2,10096.47,7,0
63,95972.63,23349.75,720.0,1.6,9076.87,8,0
40,32306.69,22464.67,701.0,19.3,680.72,14,0
38,35948.88,17305.89,645.0,9.8,9486.52,6,0
63,61429.96,6590.81,639.0,6.8,9434.0,13,0
41,38671.95,11978.76,783.0,0.1,6203.87,13,0
24,73671.68,15771.73,543.0,4.5,19108.8,1,0
53,76882.35,26643.37,604.0,6.1,0.0,8,0
47,44068.47,1000.0,741.0,9.6,0.0,11,0
27,39729.25,8022.85,769.0,14.6,12522.26,1,0
26,49504.42,24028.83,639.0,12.4,7477.2,9,1
35,57080.36,25881.34,594.0,2.6,2720.6,2,0
38,61296.74,14442.29,596.0,11.3,9170.1,11,0
52,15000.0,27307.21,535.0,0.0,13756.26,10,1
31,35650.89,9133.03,810.0,2.2,0.0,6,0
40,46918.01,2926.08,638.0,0.6,12337.23,8,0
44,39060.21,21321.84,687.0,10.7,9984.96,5,1
35,15000.0,25357.64,688.0,13.2,6623.09,14,1
27,17232.55,25224.23,769.0,1.5,9473.62,2,1
41,28892.83,8092.44,616.0,2.3,9574.85,5,0
62,52694.32,16595.04,622.0,20.6,11299.15,1,0
46,46275.96,21718.54,716.0,4.2,2089.48,8,0
64,42368.62,17407.82,506.0,3.4,14524.84,8,0
34,70930.3,26570.85,769.0,3.5,13953.93,14,0
57,70922.67,11759.63,789.0,6.0,14130.6,2,0
41,57998.37,14435.07,670.0,15.5,0.0,6,0
38,57402.41,16889.52,575.0,2.3,14866.22,11,0
25,37866.79,21660.43,718.0,0.9,5787.18,8,0
23,40260.15,13444.32,635.0,1.0,11184.55,10,0
43,20847.01,22419.47,661.0,0.1,0.0,13,0
46,49984.97,27837.0,667.0,4.1,3900.92,8,0
57,70714.83,10855.43,597.0,13.2,13042.3,12,0
44,82086.6,13682.72,678.0,6.2,11155.97,14,0
39,50104.4,22742.08,533.0,24.8,1520.25,14,0
45,64833.38,30420.23,474.0,12.0,12081.12,7,0
41,15000.0,20087.67,679.0,3.4,3103.13,3,0
32,46341.43,8710.11,733.0,3.3,6403.53,13,0
61,45872.75,16585.38,609.0,4.9,979.24,14,0
53,84823.37,22681.55,604.0,0.6,10060.1,12,0
24,62858.67,8499.45,702.0,4.7,14524.11,14,0
62,64885.11,6372.96,648.0,3.1,13309.83,11,0
27,63846.57,12240.14,605.0,5.1,2553.82,4,0
42,55908.85,20277.07,674.0,4.2,7722.92,1,0
53,85647.31,4046.29,651.0,1.9,0.0,9,0
37,15000.0,9455.37,550.0,4.7,16186.05,14,1
44,57924.21,17189.28,641.0,2.3,8114.54,10,0
54,77596.06,23724.15,665.0,1.1,11899.95,10,0
48,17172.13,17321.69,607.0,5.6,9194.89,2,0
63,71758.36,17997.48,724.0,1.8,4243.29,10,0
61,39776.74,23039.37,689.0,11.0,4676.82,7,0
59,57196.32,27778.06,628.0,1.1,10734.47,8,0
42,39392.81,26884.1,661.0,4.6,17821.49,14,0
37,74183.03,1000.0,620.0,4.2,5942.69,4,0
54,49232.76,15784.46,632.0,1.1,15044.89,11,0
26,71915.94,22300.13,635.0,2.9,13536.12,11,0
26,63706.6,28598.29,508.0,5.6,6083.82,10,0
54,39124.15,20127.89,652.0,1.9,14601.06,1,0
21,65037.18,8126.51,675.0,0.6,14115.57,5,0
30,41728.62,9183.9,847.0,4.8,0.0,10,0
41,56282.56,9407.75,685.0,1.3,12209.67,10,0
25,48868.11,17460.15,598.0,5.7,15683.13,6,0
22,72998.24,11161.42,519.0,9.1,995.46,7,0
42,65806.45,1000.0,565.0,0.7,117.96,1,0
22,54385.57,5573.69,610.0,2.9,9247.76,13,0
30,41285.76,11446.01,611.0,2.9,17471.8,4,0
54,29620.17,4100.14,631.0,5.0,1472.23,12,0
36,57713.13,5291.76,618.0,2.0,0.0,5,0
59,42354.18,31407.77,632.0,2.7,5279.31,5,0
42,17440.08,14931.02,616.0,0.1,4443.15,7,1
32,28399.43,11911.08,651.0,0.7,0.0,4,0
44,87517.51,20338.75,578.0,4.2,4494.96,10,0
60,41800.47,24168.56,549.0,1.2,10092.84,7,0
58,76643.26,32924.93,631.0,0.8,19137.56,8,0
30,47867.01,28642.98,685.0,2.0,11369.62,2,1
55,79791.55,18478.47,560.0,0.9,12836.97,14,0
52,78343.28,2737.54,604.0,0.3,1470.12,1,0
27,38486.09,6980.14,638.0,1.7,7433.24,13,0
41,15240.49,11785.13,636.0,0.9,6678.58,10,1
40,16933.59,19052.51,710.0,8.0,9955.76,10,1
46,38826.77,15754.53,725.0,0.3,11580.59,1,0
24,92792.69,3215.79,668.0,6.9,13717.2,13,0
42,46788.76,1785.99,747.0,2.4,8191.46,1,0
35,57904.88,17072.06,620.0,5.6,4862.16,9,0
60,81066.74,15960.32,717.0,0.3,15344.43,4,0
41,57206.43,13320.99,601.0,12.7,12350.81,9,0
35,56517.82,18863.41,674.0,7.3,11708.85,7,0
42,67453.26,24974.5,702.0,0.8,7763.36,7,0
48,60779.4,17480.55,654.0,1.2,15297.53,13,0
34,53010.66,7466.8,573.0,5.2,457.62,2,0
47,40571.01,30321.76,516.0,12.7,13357.97,2,1
61,56569.78,13589.53,695.0,3.0,13327.87,12,0
60,76888.0,15399.98,628.0,3.3,2595.42,5,0
48,90640.09,9770.74,634.0,1.4,3916.76,10,0
46,60845.53,6404.69,770.0,2.4,290.53,1,0
22,70103.22,7056.05,574.0,1.7,11062.31,7,0
45,60394.61,5297.65,709.0,2.2,0.0,11,0
23,53253.41,1000.0,591.0,0.1,9339.27,7,0
28,65285.14,13749.92,636.0,0.2,3417.09,11,0
64,78786.66,23818.79,563.0,5.7,2094.16,8,0
53,37272.76,7125.5,590.0,5.7,0.0,7,0
62,25972.07,35475.9,683.0,2.0,2682.61,8,1
55,44339.84,26091.02,754.0,10.8,16578.86,3,0
26,59233.24,14854.21,684.0,1.5,3684.81,3,0
59,72397.43,6111.35,674.0,2.5,10518.85,8,0
43,35209.84,2223.22,850.0,6.6,1454.71,9,0
45,15000.0,14090.53,695.0,6.8,14155.56,10,1
63,44811.03,15544.97,575.0,9.9,11630.28,4,0
39,51121.72,13364.9,515.0,0.1,6633.52,8,0
25,31754.53,23554.58,680.0,1.0,9390.48,1,0
31,39878.18,26976.66,537.0,5.1,9905.6,2,0
32,72345.67,18781.39,570.0,2.1,1993.88,13,0
30,56562.4,19211.73,674.0,0.2,3119.39,10,0
28,61912.44,12475.56,733.0,4.4,13507.49,10,0
44,47886.36,14960.66,627.0,2.5,17280.03,10,0
48,39917.79,18293.07,554.0,2.3,8881.07,9,1
61,47742.04,12466.09,638.0,1.5,12155.72,2,0
56,64977.6,20286.78,628.0,0.0,15227.07,2,0
57,25173.6,6550.59,659.0,1.0,6051.81,8,0
41,88003.41,9142.38,554.0,3.2,7540.83,5,0
28,66497.17,6624.7,583.0,1.6,12286.06,5,0
29,44282.4,9651.02,732.0,10.4,21100.84,11,0
35,71268.14,12701.73,711.0,0.8,12495.05,6,0
60,79446.98,23232.73,743.0,10.4,9821.61,8,0
38,48393.24,15331.46,502.0,2.6,4477.88,8,0
62,50668.3,4725.54,579.0,1.6,7652.1,9,0
40,84869.48,3784.32,729.0,1.8,12125.12,10,0
26,97379.5,11672.02,697.0,2.0,11484.23,11,0
32,55588.71,21675.21,683.0,3.5,4402.7,3,0
22,31835.71,26223.82,621.0,2.2,15859.99,9,1
27,45587.96,2273.88,600.0,5.2,15866.79,14,0
36,75660.31,17978.82,653.0,2.8,7334.28,11,0
23,34395.69,11785.02,614.0,5.6,9681.36,3,0
23,50834.34,12406.23,692.0,4.6,4155.39,1,0
47,60851.7,6486.06,653.0,1.4,3147.89,12,0
63,36545.71,13239.49,572.0,8.4,10082.63,11,0
60,76928.69,6126.56,701.0,8.0,3316.98,5,0
58,68879.35,12873.19,750.0,22.5,11890.88,7,0
53,95190.92,24186.06,756.0,1.0,5617.64,3,0
48,70629.22,20049.9,704.0,9.4,14300.99,9,0
21,35782.21,30310.01,705.0,10.3,7486.33,1,0
28,65607.38,19210.86,557.0,5.1,0.0,6,0
57,74760.43,16396.14,596.0,3.5,5767.1,12,0
52,75789.58,19423.16,637.0,15.8,8641.23,12,1
63,39463.16,8793.61,697.0,18.0,0.0,6,0
57,37073.25,1000.0,602.0,5.1,0.0,14,0
24,32207.26,21369.37,625.0,2.2,6874.48,13,0
50,87094.64,1000.0,695.0,8.5,14027.53,8,0
26,67457.58,23972.81,661.0,0.5,11788.34,13,0
39,38575.63,21006.51,677.0,1.7,7913.34,3,0
52,57543.78,8203.83,588.0,21.2,2884.14,12,0
29,52526.25,11511.28,624.0,8.4,2592.07,5,0
32,35548.37,14907.69,612.0,14.0,11894.71,11,0
31,55723.68,7622.63,650.0,4.5,9189.12,10,0
36,58813.91,19324.16,615.0,2.6,13126.44,11,0
21,93625.06,20029.36,604.0,19.5,15224.0,5,0
41,41886.25,3456.31,660.0,1.9,5275.79,8,0
50,20812.01,8415.13,818.0,7.1,10640.71,7,0
33,34020.93,14705.55,697.0,4.1,11432.87,3,0
54,37147.05,24124.64,508.0,1.3,3815.53,7,0
24,46461.46,20218.28,678.0,0.1,4129.97,10,0
48,34069.93,1000.0,609.0,2.4,12336.52,8,0
58,71442.44,12664.05,575.0,4.0,8010.4,5,0
51,32679.34,18781.39,706.0,1.0,2762.71,11,0
47,55400.36,8600.32,656.0,2.7,3085.22,5,0
25,95003.84,7980.7,849.0,4.8,297.01,14,0
45,66071.37,9024.36,641.0,6.3,5850.47,14,0
23,64015.14,12536.18,632.0,0.3,1826.56,11,0
53,92146.32,7167.25,746.0,5.5,8613.34,1,0
24,79912.99,20279.44,652.0,0.3,21687.26,13,0
45,66302.49,8114.39,565.0,0.1,10762.11,8,0
40,48785.46,6710.73,580.0,0.8,14402.65,13,0
54,54546.22,11810.46,624.0,5.3,10403.83,6,0
46,53573.92,26831.33,703.0,0.3,0.0,6,1
25,46971.49,19202.24,752.0,0.1,8759.31,5,0
55,59240.73,19710.91,714.0,0.6,3904.04,5,0
48,62014.95,17290.01,695.0,15.0,3053.2,14,0
49,30107.43,7424.15,738.0,11.9,6640.92,3,0
29,87640.85,9879.47,700.0,0.5,11786.22,12,0
58,63195.95,8520.03,578.0,1.8,6168.78,3,0
26,49744.34,23732.48,632.0,14.7,13152.53,2,0
39,59423.52,17362.69,609.0,0.5,9099.31,9,0
64,73607.38,1661.55,751.0,0.5,9903.99,8,0
31,25666.27,26621.22,574.0,0.4,7645.38,11,1
22,52898.79,12344.39,575.0,18.7,15715.47,3,0
64,31282.88,20227.02,664.0,6.8,3794.4,5,0
64,108140.08,23418.7,804.0,1.2,4134.18,10,0
29,57763.72,1000.0,709.0,0.2,6090.71,5,0
41,31445.09,18636.78,733.0,16.8,11014.19,8,0
44,126989.34,12979.39,561.0,2.8,11823.18,6,0
54,44279.63,1000.0,704.0,4.6,4638.26,7,0
42,50818.4,5939.78,561.0,1.6,13381.14,5,0
23,52264.04,11363.13,708.0,7.1,2117.95,12,0
32,38040.94,21765.21,524.0,1.1,12277.21,1,0
48,59947.04,13590.1,623.0,7.7,10146.04,8,0
50,15000.0,16184.97,486.0,1.3,8104.39,4,1
46,76717.97,12150.97,579.0,0.5,10838.74,5,0
41,32443.9,23703.23,536.0,3.3,7285.68,1,1
48,46693.57,19168.25,702.0,8.4,9531.39,3,0
46,70030.39,16302.84,658.0,2.4,22436.44,2,0
53,50910.78,5854.94,613.0,0.1,13365.94,12,0
41,51729.05,15958.72,659.0,4.0,4747.04,2,0
55,34758.45,37254.97,584.0,5.7,6168.47,13,0
54,96912.96,21362.14,676.0,6.7,15249.23,1,0
61,65629.65,9085.26,644.0,2.6,5631.17,6,0
38,33344.3,29819.68,832.0,0.5,18204.64,8,0
31,58563.65,8732.85,781.0,4.4,12592.23,3,0
43,31930.64,20714.43,725.0,2.0,0.0,1,0
42,89448.29,14630.4,673.0,14.7,13210.0,14,1
37,58992.76,16457.03,684.0,3.5,0.0,10,0
25,35489.07,16750.64,749.0,3.2,5909.62,2,0
64,68951.81,13019.45,673.0,1.8,13131.15,3,0
31,49438.49,11885.28,678.0,2.1,0.0,6,0
50,29235.43,4465.33,604.0,3.6,20176.9,14,0
35,62620.93,5999.85,595.0,1.8,13810.57,3,0
47,62056.84,17671.71,641.0,11.1,2126.79,9,0
55,77754.67,9538.29,441.0,2.9,17120.07,12,0
53,56290.07,7719.92,648.0,1.7,0.0,1,1
40,57141.21,37618.59,631.0,0.8,1954.52,7,1
36,58202.66,34914.76,720.0,5.6,0.0,10,0
54,86905.66,19646.59,748.0,0.1,0.0,8,0
22,48798.53,20772.09,850.0,3.0,6001.01,9,0
55,64389.1,8500.67,696.0,4.0,9146.9,8,0
60,67334.91,5518.07,662.0,2.1,8967.76,5,0
48,61995.53,12277.31,605.0,6.9,8782.27,1,0
59,48041.91,15002.37,566.0,5.6,8315.48,1,0
26,57412.08,20704.62,723.0,17.8,911.28,14,0
29,53126.84,1000.0,648.0,3.6,4985.09,8,0
40,94184.21,32177.98,684.0,3.9,0.0,7,0
21,45844.72,16984.2,651.0,1.4,14477.34,5,0
28,36748.43,2594.43,654.0,2.4,8567.66,10,0
43,54875.97,16259.8,668.0,0.1,8409.94,3,0
23,53466.04,7780.39,684.0,5.8,12676.45,9,0
24,58936.87,7219.68,725.0,1.9,13105.83,4,0
45,45851.07,6500.78,551.0,3.9,5832.93,14,0
58,57207.47,12948.11,697.0,1.5,7298.73,6,0
35,57592.14,31821.73,547.0,4.9,17396.81,11,0
41,73119.79,15741.32,706.0,3.0,4488.26,4,0
55,56860.13,20551.12,676.0,3.3,17343.34,9,0
34,57049.5,22508.11,644.0,14.3,5898.03,4,0
56,65326.93,13841.95,647.0,6.1,0.0,14,0
32,72353.1,5711.84,661.0,1.5,8537.12,8,0
37,35326.48,2210.07,737.0,3.5,5851.67,11,0
59,29953.59,11900.38,730.0,3.1,0.0,12,0
29,88909.59,24151.49,721.0,7.9,7513.93,12,0
55,69081.51,22483.14,542.0,9.0,5086.98,3,0
33,50612.27,17051.05,696.0,1.7,19243.17,8,0
35,55394.04,18111.03,458.0,8.6,13810.93,11,0
38,47148.77,13905.41,480.0,1.0,2232.24,3,0
53,59225.61,11148.14,740.0,7.2,3558.44,14,0
26,35563.26,9094.53,534.0,1.4,14003.49,11,0
47,71803.34,3228.4,636.0,1.8,15275.1,5,0
43,58509.07,29377.01,762.0,9.6,6001.32,1,0
47,59232.54,16368.97,697.0,2.7,5114.52,6,0
54,37121.15,11460.28,680.0,23.3,7237.05,11,0
58,65485.34,29569.33,646.0,0.8,9739.91,2,0
34,37580.57,31095.86,660.0,3.1,12353.86,12,0
56,41156.98,36961.27,600.0,6.6,12664.35,3,1
28,56752.44,13013.38,612.0,0.0,1666.22,11,0
55,105146.64,15841.85,657.0,0.8,5841.75,1,0
39,58429.32,20207.65,669.0,0.1,0.0,11,0
50,15000.0,28297.48,637.0,24.7,7858.81,6,1
34,42149.97,15496.19,471.0,7.1,0.0,5,0
40,68674.58,7133.16,775.0,2.3,3609.14,10,0
45,32430.78,8972.96,725.0,0.8,14624.26,2,0
60,71622.05,24419.45,634.0,0.5,10340.24,11,0
44,58176.41,19968.28,727.0,3.8,10094.46,8,0
34,74826.54,13616.72,621.0,18.6,8013.83,9,0
46,43822.92,13090.56,675.0,5.6,16422.69,14,0
58,42264.32,13617.08,496.0,2.3,4232.99,14,0
43,66299.7,24912.31,671.0,3.5,8981.66,3,0
42,54849.43,8688.38,627.0,34.1,8661.14,12,0
39,53639.54,5292.71,667.0,3.7,5908.76,6,0
23,86379.4,29534.47,787.0,16.6,20829.82,6,0
62,67082.82,15200.44,649.0,0.1,674.44,14,0
39,15201.54,14365.37,613.0,6.4,0.0,10,0
29,70981.36,20367.94,614.0,4.9,8647.96,6,0
48,68979.38,7088.72,537.0,5.8,4381.78,8,0
40,78698.23,21003.97,682.0,4.2,0.0,12,0
27,36206.03,11938.18,693.0,0.2,10255.16,5,0
34,61496.12,24005.38,655.0,0.8,9450.7,10,0
29,57232.6,2730.13,724.0,12.8,14733.72,10,0
39,35847.36,18605.33,724.0,1.3,4663.86,13,0
34,73935.33,13150.14,656.0,24.8,0.0,8,0
58,50169.08,9362.85,697.0,5.7,2370.05,12,0
56,78054.65,21170.76,824.0,2.9,0.0,3,0
60,40142.82,13813.42,584.0,12.6,16980.54,7,0
37,25788.29,18728.1,712.0,7.9,14034.81,1,0
50,50148.68,25125.7,657.0,2.8,15700.01,4,0
29,59638.26,21331.97,734.0,0.4,11998.77,5,0
53,44316.08,6357.03,587.0,10.1,0.0,7,0
45,15000.0,10666.03,666.0,7.2,5575.82,14,1
34,62672.98,18674.33,596.0,7.8,12754.98,6,0
31,62579.61,21351.02,509.0,6.8,0.0,13,0
55,68743.35,11872.35,762.0,1.6,10644.58,6,0
61,47390.15,16582.83,615.0,9.8,12669.85,13,0
34,46298.97,16532.7,583.0,0.0,21579.37,2,0
50,83806.44,17647.19,604.0,1.4,13733.22,11,0
61,23491.91,5568.42,796.0,0.2,10850.44,2,0
24,50057.64,3679.74,755.0,0.6,8170.81,2,0
24,57846.04,1000.0,633.0,3.8,11259.48,10,0
48,67120.44,15844.49,719.0,0.2,11662.91,13,0
28,58395.34,4086.48,564.0,1.0,0.0,12,0
22,36560.15,32093.81,692.0,1.3,9280.62,8,0
61,78352.28,20232.93,616.0,5.3,0.0,7,0
42,55038.15,5545.06,685.0,3.2,0.0,1,0
61,21639.95,24081.05,540.0,3.1,8252.38,9,1
36,59183.53,24099.99,602.0,7.3,10871.44,11,0
49,64505.54,24749.79,665.0,3.1,44.33,11,0
50,94214.88,8535.43,664.0,2.1,14562.95,8,0
32,63175.03,20728.43,533.0,16.4,17117.03,13,0
55,25359.49,24885.34,572.0,0.0,12835.67,9,1
31,26061.97,27566.86,684.0,1.8,7839.68,4,0
41,80174.19,2810.06,674.0,4.7,9837.55,5,0
41,38943.94,13258.93,702.0,7.6,8677.26,11,0
25,24008.38,8247.93,665.0,8.5,9283.89,5,0
40,75010.22,29912.99,566.0,0.2,1855.12,11,1
57,45485.28,18928.46,622.0,6.2,5764.35,9,1
23,73940.28,22129.98,692.0,6.4,8357.47,8,0
64,36705.61,18810.84,570.0,1.2,10022.9,13,1
53,84476.25,18002.28,560.0,0.6,11537.29,10,0
29,72441.27,8093.7,626.0,6.9,2009.33,6,0
29,40546.29,11427.92,672.0,1.4,6963.36,11,0
24,21792.19,15572.12,503.0,0.0,6389.41,10,1
55,101103.28,9811.31,631.0,1.3,19756.94,11,0
37,50795.85,8334.63,691.0,0.2,9498.57,10,0
54,39745.37,13354.58,707.0,1.4,12042.56,1,0
44,82726.17,10158.85,570.0,2.0,13978.84,7,0
52,73915.2,15398.54,680.0,1.6,13122.91,9,0
21,78655.93,11457.04,729.0,12.6,0.0,12,0
28,53029.83,9521.13,699.0,1.3,6930.63,4,0
43,92621.09,7579.01,617.0,3.2,12067.95,4,0
60,28787.64,15048.77,459.0,15.8,8780.89,5,0
32,43959.01,22106.39,667.0,10.6,0.0,8,0
32,62797.58,20206.97,776.0,1.8,1739.43,11,0
35,78362.23,2784.72,716.0,2.0,2673.01,5,0
61,68223.18,21878.01,710.0,4.5,9969.39,4,0
39,53342.69,20150.47,663.0,12.5,9404.87,8,0
46,45497.04,22098.19,722.0,0.1,17143.02,11,0
49,78470.22,23668.9,674.0,2.5,8075.71,5,0
42,70287.92,9178.77,510.0,9.5,9221.38,8,0
60,37509.52,12601.58,721.0,2.6,0.0,1,0
41,36914.61,29323.71,581.0,6.4,7065.02,3,0
58,44090.24,28848.32,655.0,5.9,21640.31,7,0
40,41524.76,14387.29,709.0,1.1,10052.67,12,0
49,75596.82,19824.89,590.0,3.0,4640.68,1,0
24,63714.65,20524.8,571.0,4.2,10493.2,11,0
27,66155.74,29061.16,688.0,6.3,14251.66,5,0
48,58833.39,17762.24,561.0,8.6,10986.77,6,0
48,59775.41,5301.7,635.0,7.1,12989.49,14,0
24,23363.65,11191.95,740.0,0.1,13755.91,12,0
42,70883.67,40068.29,780.0,5.6,8940.85,13,0
32,43730.37,4931.03,507.0,3.4,9974.34,1,0
23,54336.89,15402.23,633.0,4.3,4410.48,7,0
42,45536.54,33508.27,752.0,2.3,4343.16,9,0
64,57917.43,8602.05,618.0,6.3,7517.02,9,0
22,66461.88,1000.0,713.0,5.6,53.66,3,0
44,34822.9,1000.0,719.0,4.3,10213.19,4,0
54,60054.98,8646.29,601.0,9.9,3222.25,14,0
47,46019.95,1000.0,684.0,0.5,9073.53,1,0
61,81429.18,23297.34,689.0,1.8,11103.44,13,0
21,32707.49,17145.15,723.0,3.4,99.63,4,0
28,34949.67,1000.0,520.0,15.9,10460.38,14,0
43,47808.6,2237.19,753.0,0.4,0.0,5,1
58,36487.13,24921.12,705.0,2.1,11532.1,7,0
26,50512.38,16545.27,560.0,13.0,11615.52,5,0
42,44442.29,26469.05,640.0,11.4,12021.97,8,0
45,56768.25,23952.09,717.0,10.0,10062.65,7,0
38,75161.44,5795.83,564.0,1.8,4890.95,1,0
37,56425.59,22055.74,576.0,9.4,5104.01,12,0
32,58247.09,19502.81,651.0,3.5,4303.26,2,0
26,33853.55,1000.0,615.0,4.8,14178.39,7,0
46,52318.81,4104.17,670.0,1.4,18144.14,3,0
47,46564.91,34501.36,716.0,6.1,8506.58,2,0
28,68632.82,7578.88,672.0,2.0,2071.04,11,0
39,39708.66,18292.17,649.0,2.1,6331.67,12,0
62,37786.89,13474.79,716.0,5.1,13874.03,14,0
21,61348.58,16469.79,642.0,1.4,11323.68,9,0
49,94602.06,14004.02,590.0,1.3,8203.61,12,0
55,51481.03,22721.5,742.0,2.3,6414.13,10,0
60,58364.17,22511.93,457.0,7.5,0.0,13,0
34,73960.44,15943.4,655.0,1.3,6710.73,8,0
55,65198.08,7764.22,621.0,7.7,5674.24,8,0
40,65329.59,10449.69,576.0,5.9,5472.88,3,0
33,53096.15,2392.64,674.0,5.7,9689.74,11,0
58,53485.3,12324.57,687.0,3.2,18502.72,10,0
28,39897.03,1000.0,584.0,6.8,8118.71,9,0
63,64727.47,16750.78,538.0,0.1,11589.79,8,0
40,64271.09,17367.99,546.0,1.8,7635.87,12,0
53,69343.29,23042.02,795.0,5.7,7633.65,2,0
46,45237.91,5239.31,804.0,21.8,14844.58,7,0
59,71602.69,5782.44,652.0,0.0,10242.16,8,0
41,77666.7,27197.61,540.0,3.6,12673.7,12,0
62,30720.84,4050.16,638.0,12.9,15439.12,7,0
63,49062.55,31409.73,474.0,10.0,10177.36,9,0
61,78500.47,7608.82,675.0,0.1,9467.37,13,0
29,42008.89,7664.73,570.0,3.8,12421.59,7,0
44,65575.25,21742.48,553.0,0.0,4106.87,12,0
57,55171.52,19395.13,728.0,7.8,4209.7,7,0
61,61617.59,28132.29,638.0,1.8,3447.45,1,0
37,55781.13,1000.0,719.0,7.3,5056.42,2,0
44,69923.42,19269.08,747.0,14.5,878.56,14,0
41,34569.66,14632.21,643.0,18.7,0.0,5,0
59,36733.54,6386.18,650.0,11.2,3069.22,13,0
61,84290.27,30051.78,735.0,1.1,0.0,13,0
59,97007.27,16882.8,607.0,1.1,9703.41,11,0
33,54891.61,14497.21,742.0,4.9,8592.52,14,0
31,89305.32,18632.05,488.0,3.9,12446.72,1,0
39,39564.51,1173.17,622.0,0.0,2404.95,12,0
31,44368.28,5011.15,665.0,2.5,10993.54,10,0
33,84149.75,12339.03,554.0,11.9,3148.64,7,0
21,71082.13,17531.21,680.0,11.4,12644.77,5,0
60,87128.54,25197.07,664.0,1.1,0.0,13,0
64,64371.12,7920.63,591.0,2.4,6576.23,5,0
39,34749.08,6093.67,588.0,4.1,5605.37,8,0
32,59471.55,19011.41,580.0,9.6,12781.7,9,0
28,79040.05,13912.82,525.0,3.8,12692.02,10,0
28,52345.3,1000.0,779.0,17.2,15312.93,1,0
32,49271.33,7653.0,633.0,8.0,0.0,10,0
53,64677.07,13545.86,542.0,15.3,16977.27,4,0
46,43809.87,13766.37,640.0,6.6,2446.29,11,0
59,60910.01,15718.87,669.0,10.5,18248.61,2,0
48,56270.03,4597.44,585.0,8.9,21342.25,14,0
25,45191.71,13951.88,621.0,1.5,15146.47,9,0
28,74614.74,22576.63,754.0,1.3,2856.25,9,0
45,67919.76,1000.0,557.0,10.0,533.13,1,0
47,47926.59,12740.88,603.0,0.4,3768.49,3,0
43,54700.77,1704.23,490.0,2.6,11422.75,10,0
50,49574.49,14742.15,796.0,8.6,1620.06,8,0
43,42227.05,2961.72,703.0,8.4,0.0,2,0
40,21034.61,16072.6,646.0,0.7,14486.61,2,1
38,45323.45,28013.09,593.0,3.3,4397.83,2,0
38,42519.45,7164.33,589.0,3.3,13487.14,13,0
22,57297.81,8324.47,628.0,2.0,12629.89,5,0
24,63813.98,11241.19,690.0,12.5,9185.75,14,0
50,38956.31,17549.46,565.0,5.3,13036.15,9,0
53,62469.95,6847.63,613.0,19.6,16884.62,7,0
56,35875.08,11958.31,719.0,0.3,12585.12,13,0
38,52494.15,9644.08,779.0,2.5,12746.02,7,0
57,42951.62,11267.78,693.0,9.0,10325.86,2,0
39,69923.47,17643.29,597.0,2.7,5401.65,2,0
48,57335.46,19408.51,638.0,1.5,9849.78,5,0
60,52796.64,3185.59,683.0,30.6,9254.49,12,0
40,42495.0,17612.06,627.0,10.3,10934.86,14,0
53,48423.17,40166.09,707.0,4.0,10001.55,7,0
32,91581.22,27353.8,592.0,4.1,5256.03,7,0
35,44978.32,9865.14,779.0,0.0,14836.65,9,0
61,64588.14,16055.23,643.0,19.8,4836.43,3,0
59,52747.07,14731.37,600.0,8.2,10365.26,14,0
22,64016.51,18675.64,697.0,0.2,11090.24,1,0
49,71739.52,11622.28,572.0,1.0,1700.35,9,0
61,47920.43,12846.8,662.0,8.6,17370.96,1,0
30,69195.47,9153.41,762.0,0.5,7753.92,8,0
22,110132.79,23763.51,553.0,14.2,2038.09,14,0
31,66350.8,17487.77,745.0,40.0,8002.18,14,0
33,87271.63,17548.45,547.0,10.9,2153.02,5,0
30,64620.92,24747.03,716.0,6.7,4520.26,8,0
34,36360.77,24865.39,574.0,3.3,4402.94,7,1
38,60513.88,23355.98,745.0,0.4,7185.01,9,0
29,48392.32,24625.31,604.0,6.6,16188.62,2,1
59,43081.19,27501.34,621.0,2.5,8638.19,9,0
48,53548.3,7267.05,575.0,4.2,8986.49,10,0
23,51905.0,12610.58,457.0,1.7,5137.99,5,0
40,33801.5,20671.59,559.0,1.4,9699.95,5,0
26,109169.23,7915.76,515.0,2.0,7801.49,1,0
47,71157.42,12093.96,487.0,8.4,7497.18,6,0
22,59887.8,16555.34,674.0,2.8,12242.41,10,0
49,56797.6,13158.92,772.0,1.9,2350.99,10,0
58,79046.97,15528.15,794.0,2.8,15598.89,10,0
23,96511.41,5836.87,557.0,0.2,0.0,10,0
36,68701.71,14697.96,641.0,11.1,7441.46,3,0
50,57423.85,16072.19,743.0,4.0,16152.33,13,0
60,84452.88,27920.03,545.0,0.6,15240.41,10,0
22,57847.18,12850.96,746.0,1.7,8950.24,3,0
37,63706.3,9797.89,748.0,20.5,3140.48,3,0
61,75020.22,20703.55,494.0,4.5,7199.58,13,0
32,47270.42,1000.0,462.0,1.7,23548.86,4,1
55,15000.0,12461.21,618.0,2.8,12252.57,9,1
63,46298.4,10890.29,725.0,1.5,0.0,13,1
21,70460.02,17087.37,528.0,0.2,8497.48,8,0
35,69051.02,24969.81,487.0,9.2,4408.37,12,0
46,81853.4,27410.25,655.0,1.7,380.41,6,0
57,47063.38,16975.58,701.0,9.1,10895.89,8,0
41,86618.5,2586.53,596.0,3.3,2178.15,8,0
51,58701.36,10886.51,602.0,1.0,17289.89,1,0
45,67088.26,11763.6,700.0,8.1,16046.47,9,0
43,73072.26,17937.72,580.0,2.4,3622.32,1,0
44,27366.69,15449.97,586.0,6.2,3246.99,11,1
58,34902.06,9493.61,672.0,9.1,12039.57,2,0
48,34238.19,4986.81,681.0,16.5,14106.58,9,0
41,76444.34,8051.38,632.0,0.4,6490.08,7,0
63,48890.87,7757.22,769.0,0.0,13870.73,10,0
38,95551.64,27972.62,710.0,4.0,17986.7,1,0
56,55067.52,8842.73,622.0,1.5,9979.45,3,0
55,25572.52,15481.09,547.0,3.2,1825.87,14,0
29,41551.65,22747.53,729.0,0.4,12713.11,1,0
58,57347.53,16559.19,732.0,3.5,8859.09,5,0
50,65303.8,6311.98,642.0,0.7,6070.67,4,0
64,35303.25,22880.68,672.0,9.1,12510.26,8,1
54,66369.62,17833.5,706.0,7.1,15242.38,9,0
52,71710.86,1000.0,778.0,0.4,9116.07,12,0
23,42181.05,24965.77,721.0,9.1,0.0,4,0
23,94383.14,21987.04,686.0,2.0,8718.89,3,0
48,44346.82,17708.0,724.0,2.2,9361.78,14,0
64,35002.44,28078.11,742.0,1.0,23515.47,4,1
35,24415.55,21803.74,672.0,9.0,8777.73,3,0
61,79412.81,24023.53,723.0,2.6,6972.09,6,0
43,55457.66,23291.21,596.0,0.3,12138.88,1,0
60,45414.28,21056.35,733.0,16.9,6199.12,2,0
31,25517.23,1000.0,597.0,1.5,3883.24,8,0
52,47214.98,1628.26,569.0,13.8,0.0,3,0
56,102628.91,21806.72,640.0,1.8,4426.85,4,0
53,15000.0,24853.21,543.0,8.9,0.0,12,1
44,42366.83,9358.61,602.0,5.5,9699.48,1,0
59,90855.68,6089.9,680.0,9.9,9295.01,3,0
54,79979.46,17101.2,672.0,18.7,12178.52,1,0
48,43587.49,3383.56,701.0,10.3,1813.39,11,0
57,59071.9,13648.82,702.0,2.6,0.0,10,0
27,64258.75,12159.15,680.0,8.4,20344.78,5,0
24,57676.77,13204.35,582.0,6.2,7528.2,1,0
57,90689.0,30075.45,724.0,0.3,12198.86,12,0
21,61795.08,9928.07,641.0,13.3,8797.47,9,0
21,77710.33,15427.27,669.0,3.1,12469.66,7,0
40,58631.98,4502.75,658.0,0.7,9368.22,11,0
39,15000.0,22522.99,776.0,2.8,3187.92,8,1
49,31151.74,13563.32,554.0,4.6,11250.93,9,1
30,35302.44,24426.47,623.0,4.3,9823.59,10,1
38,50014.28,1000.0,693.0,4.3,0.0,8,0
48,96568.28,14534.95,652.0,1.5,9767.22,3,0
55,62248.23,16057.02,611.0,5.0,5677.32,7,0
63,52884.24,22292.19,497.0,11.9,3999.44,7,0
51,79771.16,9864.01,627.0,2.5,13852.05,14,0
47,25962.33,21294.6,679.0,5.0,7568.86,7,0
31,45206.1,10780.52,693.0,1.4,7751.48,12,0
58,42253.43,15750.06,637.0,0.2,8535.5,8,0
25,62960.83,22375.61,664.0,4.4,7805.86,4,0
28,72916.73,7561.84,559.0,0.2,7413.44,11,0
54,64429.71,20924.68,681.0,6.4,16736.5,6,0
32,64746.33,17679.22,651.0,5.5,3894.53,2,0
58,47777.82,12330.61,663.0,2.3,0.0,7,0
21,61415.2,9654.35,632.0,2.6,8268.03,9,0
51,38203.24,1000.0,667.0,12.5,2363.49,5,0
24,68482.78,14357.87,701.0,0.1,1419.49,4,0
25,44987.94,12343.99,670.0,4.1,7905.59,2,0
50,32569.81,20113.05,504.0,12.8,9648.07,7,0
44,55756.39,19303.98,672.0,12.3,6957.94,2,1
23,16737.68,23560.94,619.0,4.4,5259.62,2,0
31,84487.4,23853.83,593.0,2.4,6796.99,9,0
24,70941.98,40244.3,758.0,0.5,7694.38,2,0
46,61739.4,19109.28,575.0,1.0,7983.91,10,0
47,22526.31,8116.24,584.0,5.7,0.0,3,0
63,40996.2,21609.54,471.0,0.1,13243.35,3,1
47,55811.17,27847.23,765.0,10.7,0.0,2,0
62,49737.9,18799.18,721.0,4.4,3973.5,10,0
26,21228.7,1000.0,623.0,0.2,0.0,3,0
35,28671.42,19442.88,699.0,1.4,9003.62,9,0
50,49338.11,9961.03,472.0,4.5,3736.46,11,0
62,29334.21,4424.59,688.0,0.2,6897.05,11,0
57,82427.75,16493.49,581.0,7.6,3542.66,11,0
57,64890.77,2793.48,784.0,12.6,1675.36,3,0
62,38930.72,23185.18,679.0,16.2,0.0,5,0
57,78383.1,20847.03,660.0,6.6,4451.41,12,0
55,74354.13,14306.65,584.0,9.7,739.47,7,0
43,60779.17,10599.37,585.0,4.7,11117.53,1,0
26,54208.28,13527.21,697.0,3.1,20485.42,14,0
24,49030.52,6912.68,584.0,6.2,18979.56,1,0
38,44201.23,14383.65,580.0,1.3,7513.23,10,0
29,28264.16,1000.0,763.0,0.6,3253.42,13,0
49,85566.58,15709.68,673.0,7.2,0.0,2,0
33,44589.74,15913.76,562.0,15.9,5487.39,1,0
37,55564.01,21761.2,694.0,4.3,2527.04,1,0
52,36795.04,17398.49,628.0,3.3,3576.37,14,0
42,49810.99,22818.68,509.0,3.8,0.0,14,0
24,112015.55,19376.25,610.0,3.3,12216.49,10,0
25,40480.04,23292.19,566.0,2.9,11055.36,4,1
57,83971.92,35971.4,670.0,14.7,2507.17,10,0
61,54443.89,18360.14,598.0,3.3,13135.12,12,0
33,68598.77,16472.19,657.0,0.4,8357.7,12,0
54,79891.61,24496.39,703.0,7.3,11181.34,3,0
42,60445.35,11254.15,839.0,2.5,12644.65,1,0
43,47965.86,14046.5,808.0,6.2,10189.94,3,0
23,51278.18,18367.96,668.0,4.3,3076.35,1,0
62,51951.43,15579.32,646.0,6.2,14295.83,3,0
54,92287.41,15543.31,602.0,0.3,12636.45,4,0
52,25317.48,22198.23,519.0,0.2,12724.14,11,1
41,19585.46,1431.56,467.0,2.4,24.13,13,0
64,20918.94,31267.67,583.0,5.9,0.0,11,1
41,37121.37,18887.2,781.0,1.3,17077.08,14,0
64,69001.66,11797.91,778.0,2.8,4171.44,14,0
31,70228.39,28024.42,656.0,19.8,9514.61,8,0
59,42849.95,15828.27,687.0,1.2,15238.22,3,0
24,54430.17,16039.19,602.0,9.4,17797.81,3,0
21,32674.03,13282.37,648.0,8.7,11444.83,13,0
48,34528.95,26741.55,588.0,11.1,4867.36,9,1
44,66597.34,14925.19,588.0,12.3,6280.14,11,0
55,75953.68,10532.67,699.0,3.5,10224.19,9,0
33,45463.62,22990.18,602.0,5.7,9049.33,6,0
54,87700.3,24463.64,689.0,4.8,3704.05,10,0
31,74312.11,27852.87,638.0,1.8,0.0,4,0
56,86834.52,20068.79,763.0,1.6,3584.63,10,0
37,48981.24,24170.13,694.0,2.1,6722.04,5,0
55,85413.72,12925.97,670.0,1.2,7942.2,13,0
38,98590.85,23206.4,536.0,7.1,18240.19,9,0
60,46749.65,20940.18,611.0,16.7,14402.68,1,0
42,51916.62,19243.68,646.0,10.1,5230.2,7,0
44,36045.63,2543.0,654.0,1.2,11022.51,11,0
39,32115.7,11894.61,703.0,0.3,0.0,7,0
57,32348.97,14634.28,666.0,7.1,15356.58,10,0
59,38770.68,19252.77,567.0,2.5,5021.84,1,1
41,60494.76,34205.9,697.0,8.7,9123.09,14,0
28,39616.01,21873.95,613.0,7.6,8178.9,1,0
48,59883.25,8519.89,598.0,4.9,14157.39,14,0
25,60296.9,11158.05,562.0,1.5,5907.94,9,0
37,45597.51,26118.91,622.0,0.5,12937.32,7,0
57,53747.26,10806.24,605.0,1.5,10188.01,4,0
56,44441.75,23149.64,743.0,3.6,8735.47,9,0
39,48785.2,15937.78,629.0,19.4,7351.48,12,0
47,38822.74,13668.89,693.0,0.3,4943.73,5,0
54,56682.09,10927.48,506.0,1.1,7005.08,3,0
31,42989.08,1000.0,710.0,4.9,5706.38,2,0
32,31678.68,19318.01,701.0,1.8,10512.88,9,0
41,66868.58,6582.96,534.0,9.8,1193.24,4,0
31,67545.82,3653.06,580.0,0.8,8432.5,7,0
59,77233.97,16982.2,597.0,16.5,17097.31,1,0
48,34512.05,23236.34,634.0,12.2,5360.54,9,0
25,45381.45,1425.54,594.0,10.9,10629.91,12,0
37,59609.91,23027.16,630.0,1.0,0.0,9,0
40,44959.2,7774.35,702.0,2.0,0.0,10,0
61,66418.24,20191.45,605.0,8.2,7201.97,6,0
32,64958.66,19631.59,674.0,8.2,7548.25,6,0
26,64585.91,13346.85,664.0,6.1,8248.06,14,0
37,84193.34,15238.98,413.0,3.0,21144.77,6,0
39,67881.54,11830.4,585.0,1.9,4502.5,5,0
46,58077.82,17108.3,729.0,16.5,8506.48,11,0
64,51129.29,17037.65,578.0,0.7,3701.71,1,0
64,52522.72,7608.92,564.0,0.2,12421.35,4,0
52,33715.8,4137.34,733.0,0.0,1097.84,10,0
26,19685.8,23066.83,662.0,7.5,3805.97,1,1
56,64275.12,16632.09,767.0,0.3,2591.19,5,0
58,79472.66,21958.69,613.0,3.9,12942.21,13,0
31,48397.7,9636.77,746.0,2.3,8755.92,4,0
53,86741.88,8404.49,579.0,0.8,9700.97,8,0
44,51469.75,6905.3,445.0,6.7,6836.49,1,0
43,15924.56,13553.94,704.0,0.3,15255.59,8,1
35,73364.99,16859.57,696.0,1.9,7070.43,14,0
47,45414.24,10649.4,704.0,4.1,19791.9,8,0
31,75175.57,27518.6,633.0,2.6,15616.67,1,0
37,29449.45,9862.82,767.0,1.5,0.0,9,0
34,63240.88,16990.37,719.0,13.0,11831.21,13,0
47,38990.78,7935.66,716.0,13.4,15606.91,9,0
38,59028.1,9615.04,660.0,2.7,5553.59,6,0
48,70332.13,14309.3,542.0,2.5,10468.74,1,0
24,65688.02,8338.91,655.0,1.8,0.0,7,0
27,56387.36,15715.32,679.0,9.7,2023.91,7,0
55,27430.82,18522.01,813.0,4.2,6490.19,9,0
29,69606.88,23747.0,671.0,0.5,0.0,1,0
28,75628.61,6360.78,566.0,9.6,8331.16,14,0
37,34140.06,16342.74,687.0,3.8,11902.29,8,1
37,37079.42,14504.41,751.0,2.7,2504.52,14,0
53,76471.15,1000.0,787.0,2.1,0.0,12,0
52,50831.17,5969.7,641.0,0.5,0.0,13,0
28,37597.73,18799.58,634.0,15.7,15274.47,11,0
39,60451.09,4178.75,537.0,6.8,0.0,8,0
58,42229.51,14412.64,602.0,0.7,9774.77,7,0
23,58220.84,1000.0,685.0,3.6,15835.3,12,0
25,46735.87,14176.38,528.0,4.1,2132.17,6,0
33,48449.78,1000.0,814.0,0.9,2936.23,1,0
51,77207.95,10163.37,621.0,2.8,9054.06,11,0
36,15000.0,11498.09,660.0,5.2,9444.02,10,0
52,66095.02,15984.2,677.0,1.7,5009.5,11,0
42,73909.02,12979.59,740.0,2.0,6217.71,8,0
49,42560.12,5112.8,671.0,0.7,8545.12,12,0
42,73755.31,5262.28,565.0,2.7,5575.6,5,0
63,35819.52,2087.13,684.0,4.4,5777.51,4,0
23,41800.33,16651.88,740.0,0.6,19654.38,5,0
30,39496.66,16298.83,578.0,4.8,14080.58,5,0
62,74025.84,20355.27,714.0,2.5,14551.84,14,0
41,20101.05,10998.87,670.0,5.7,5953.69,13,0
36,87802.94,1125.25,658.0,1.9,0.0,10,0
32,48901.23,12472.01,599.0,4.2,22856.53,3,0
22,67298.24,15088.38,632.0,4.7,4299.3,4,0
61,65574.16,5682.01,685.0,5.9,9855.65,4,0
44,58024.64,6441.28,616.0,7.1,12702.28,8,0
55,42986.28,18607.38,572.0,0.7,4517.21,5,1
50,79847.45,15804.97,568.0,16.8,13408.85,6,0
50,44702.97,24062.96,672.0,9.3,8054.07,10,0
55,40375.03,28776.81,689.0,4.1,6418.84,2,0
39,72554.21,2977.53,645.0,11.1,4514.64,9,0
28,57914.99,11649.06,795.0,2.4,2020.44,8,0
46,82156.43,15989.08,514.0,0.2,0.0,8,0
60,53746.66,17908.59,680.0,6.5,24882.64,10,0
27,41982.49,23127.05,503.0,14.4,16744.04,5,1
50,60494.87,20829.0,642.0,0.9,8617.64,5,0
27,46047.66,24107.44,670.0,5.2,17360.1,3,1
23,42561.55,15490.88,636.0,8.4,16575.23,13,0
21,71637.76,9971.97,494.0,11.8,11579.24,11,0
56,91631.1,30599.65,642.0,1.6,5930.01,2,0
45,50070.76,16226.6,650.0,0.7,14444.86,9,0
57,35505.18,13065.22,722.0,1.4,13451.67,6,0
21,51930.87,6422.25,536.0,4.3,12747.0,8,0
35,65296.02,16275.75,765.0,12.5,5976.69,4,0
57,60149.59,23035.92,449.0,4.4,10273.65,5,0
33,78884.63,10996.28,546.0,12.6,9640.45,10,0
60,68301.8,13932.96,664.0,7.3,5715.69,5,0
28,32931.81,16993.25,675.0,4.6,10219.84,11,0
25,45133.63,18777.4,771.0,0.1,15516.69,10,0
29,27383.32,12921.32,665.0,2.0,17153.37,4,0
21,77893.59,11851.13,642.0,0.3,10996.66,11,0
56,15162.25,10913.9,686.0,1.9,7003.8,2,0
55,29333.35,6147.23,463.0,0.3,13128.28,14,1
22,44763.95,8838.58,569.0,0.9,2767.51,6,0
60,66278.35,8623.47,556.0,2.6,5737.4,4,0
43,44566.93,2662.58,726.0,3.6,15651.0,14,0
29,47695.41,22943.56,754.0,1.2,19230.6,11,0
54,48089.44,17876.54,799.0,6.6,14839.45,4,0
34,58455.65,16137.82,696.0,4.5,7510.44,10,0
24,30589.77,25436.38,721.0,5.9,0.0,3,0
50,36056.46,20742.78,658.0,6.6,12703.85,8,0
51,88618.47,8683.07,610.0,6.5,11142.06,6,0
58,63047.98,24387.13,564.0,13.8,11314.77,9,0
31,70215.64,22778.09,556.0,1.4,0.0,5,0
55,56160.57,6056.63,540.0,1.6,6016.36,6,0
28,52194.4,22222.25,708.0,0.5,19191.8,9,0
23,64142.62,11262.0,617.0,4.5,1856.75,4,0
34,69552.27,22977.19,592.0,2.5,11470.25,10,0
33,71921.51,12296.43,488.0,3.4,4062.71,7,0
52,52468.81,10733.34,577.0,0.9,11044.88,13,0
54,74107.53,11557.81,627.0,5.2,6806.22,10,0
39,15000.0,7222.65,527.0,4.8,15238.98,12,1
58,72845.74,3157.15,850.0,1.5,8247.55,10,0
36,46461.88,1000.0,543.0,3.1,13968.21,11,0
22,66067.65,6562.62,742.0,11.2,20667.55,11,0
60,42013.45,36044.99,640.0,7.4,13916.54,6,1
37,28466.11,18826.09,605.0,1.3,11459.43,6,1
54,61794.08,29913.78,630.0,10.6,14943.85,6,0
62,24969.39,12454.4,651.0,0.3,11375.85,14,0
36,47006.45,11253.43,668.0,2.7,4352.04,4,0
58,38751.41,28732.33,571.0,0.4,2924.7,10,0
22,51499.35,18006.1,695.0,12.9,12140.86,6,0
22,70944.18,7357.8,628.0,0.2,4248.18,12,0
46,45203.09,20063.34,543.0,0.8,3666.0,7,0
33,61291.55,25007.08,616.0,12.3,6856.36,13,0
51,69786.92,3577.02,764.0,4.4,0.0,14,0
54,42854.9,18717.27,668.0,7.9,4076.69,2,0
59,43144.93,4106.2,650.0,0.1,3586.5,11,0
23,82386.58,24574.04,618.0,2.7,22771.78,9,0
28,53412.23,16845.59,624.0,20.8,12506.67,7,0
43,65182.78,20037.29,668.0,4.3,5471.86,3,0
34,65031.22,13260.45,629.0,9.5,3398.76,10,0
47,31040.25,1000.0,686.0,16.6,0.0,10,0
49,39782.48,11468.54,676.0,5.8,0.0,7,0
59,62506.95,22438.72,555.0,2.0,0.0,10,0
59,15000.0,30949.03,692.0,1.8,2139.87,10,1
21,50774.05,17258.32,574.0,0.4,7937.89,14,0
37,37694.32,9509.18,570.0,2.8,6872.95,5,0
61,77210.12,19285.62,648.0,12.3,2642.23,9,0
50,61922.31,21719.16,671.0,3.3,7694.58,6,0
33,78824.93,16062.03,699.0,12.1,0.0,11,0
41,54217.51,15569.71,477.0,8.5,10665.07,13,0
39,52722.22,16708.87,713.0,20.7,12583.82,7,0
39,48901.41,15348.4,683.0,14.8,10957.31,4,0
45,44938.61,17382.25,592.0,6.1,14563.49,2,0
42,108693.13,29620.51,631.0,10.2,0.0,11,0
51,71143.39,1000.0,666.0,6.9,8238.7,4,0
37,33676.23,13092.35,371.0,6.1,2283.3,9,0
43,107786.18,7541.17,550.0,6.3,1089.06,3,0
52,46900.4,24446.42,743.0,6.4,0.0,7,0
30,61423.04,13872.94,602.0,2.4,22870.66,13,0
30,73791.95,19477.64,643.0,2.8,13467.89,14,0
56,24240.92,26418.45,641.0,1.7,17735.11,4,1
28,38453.46,6351.92,707.0,0.8,10116.57,3,0
40,87963.3,10779.86,617.0,3.1,3032.73,14,0
52,50503.43,25592.66,624.0,11.5,12031.2,14,0
34,74973.4,6031.5,665.0,5.3,22056.2,14,0
48,45930.63,11049.76,718.0,0.3,11148.02,5,0
44,53098.81,2197.16,743.0,8.3,7324.66,2,0
35,90705.14,25906.91,624.0,13.7,9629.56,11,0
42,63750.24,10350.03,611.0,8.8,14692.5,14,0
50,48103.04,17809.28,638.0,6.5,7903.68,10,0
24,41332.73,20407.84,757.0,0.8,7299.53,14,0
33,43162.49,8574.11,712.0,2.1,3934.3,4,0
43,79831.2,1000.0,612.0,4.2,10128.32,7,0
28,70309.97,13244.29,521.0,0.4,385.36,12,0
38,32026.47,13113.38,739.0,0.6,5691.7,12,0
32,56743.57,14515.97,748.0,13.6,7229.12,2,0
51,53663.67,14560.14,561.0,6.1,1640.07,10,0
34,61321.86,11009.82,614.0,1.6,7864.69,6,0
54,42928.58,10699.7,720.0,2.0,13720.77,5,0
38,76956.11,17381.63,681.0,2.4,16703.12,3,0
54,54973.21,8409.14,490.0,0.4,6579.92,5,0
31,62468.73,14237.41,560.0,6.7,5269.89,10,0
61,39306.2,10496.33,697.0,1.0,6434.67,7,0
32,40313.74,17364.84,670.0,8.2,11754.33,3,0
35,108150.22,23868.61,703.0,9.3,4256.93,8,0
51,91001.6,24195.02,712.0,5.1,4248.2,7,0
49,53606.38,25314.33,669.0,7.3,9626.2,4,0
46,85660.08,12327.26,684.0,0.9,11112.8,13,0
38,79254.75,12999.62,604.0,4.3,9205.25,13,0
52,42495.78,4848.38,659.0,5.6,8743.64,5,0
42,40501.34,12259.61,675.0,5.4,5093.34,10,0
58,68373.53,12545.3,786.0,0.6,8122.06,11,0
37,60201.21,10062.82,584.0,2.1,0.0,4,0
43,46959.91,10025.65,708.0,2.0,17298.68,2,0
44,69424.53,1418.41,641.0,4.2,8966.72,12,0
28,26150.34,4264.7,710.0,7.2,20623.84,9,0
61,57300.03,15356.35,640.0,4.2,15731.77,1,0
26,30221.53,15656.59,744.0,7.0,3109.41,8,0
25,30880.17,18864.45,591.0,0.5,5815.4,4,0
64,40864.7,12928.84,661.0,10.5,1386.69,9,0
49,62265.75,15093.23,685.0,3.8,3982.54,3,0
48,41495.26,25004.08,595.0,0.2,0.0,7,0
31,30637.83,14576.79,674.0,5.2,2458.3,3,0
21,64544.98,9943.45,731.0,3.6,1789.39,10,0
63,84854.94,5472.42,645.0,1.2,13289.18,12,0
39,67777.01,21379.84,710.0,7.2,0.0,7,0
29,91035.97,1373.26,596.0,13.6,21355.24,2,0
47,83183.57,8292.65,562.0,1.9,6069.44,3,0
54,45251.44,18348.63,706.0,3.4,16082.73,8,0
64,67643.2,1000.0,605.0,0.7,2214.94,7,0
24,53167.38,10085.16,516.0,13.3,12668.91,11,0
56,76242.0,16033.34,589.0,1.9,0.0,3,0
38,53163.77,11933.3,758.0,1.1,0.0,8,0
35,39226.07,7138.49,735.0,3.3,14566.96,13,0
33,82468.12,10252.45,560.0,0.2,7268.45,9,0
39,61355.91,21535.87,533.0,1.5,6810.67,2,0
26,41729.41,29651.02,617.0,0.4,1980.31,2,0
32,45025.47,16115.91,733.0,0.7,2772.6,7,0
57,41601.59,1000.0,634.0,0.6,0.0,11,0
37,34965.05,19544.82,635.0,10.3,4860.16,8,0
43,45449.69,11828.93,601.0,13.3,9537.35,5,0
46,62460.42,6236.62,628.0,3.2,8475.39,2,0
49,56281.21,8597.82,718.0,5.0,8538.57,14,0
53,46235.66,8937.68,657.0,6.0,0.0,10,0
47,84910.15,3713.22,634.0,2.5,9180.35,5,0
45,15000.0,14495.45,702.0,2.3,6086.99,3,0
30,61122.72,29625.17,656.0,5.6,3284.06,13,0
43,52144.81,6206.47,726.0,2.4,589.26,9,0
41,35596.38,29378.78,596.0,4.3,11983.68,2,0
41,62289.09,16664.93,672.0,3.6,0.0,9,0
63,50605.04,14256.82,721.0,3.7,599.69,2,0
33,79941.47,12424.32,774.0,8.8,8882.79,1,0
57,72361.3,8550.85,563.0,6.1,4915.41,10,0
53,93122.61,17334.82,636.0,16.2,10269.18,6,0
44,45333.64,19175.83,545.0,7.8,8578.21,11,0
64,82931.09,1000.0,572.0,0.8,3924.66,6,0
31,31682.9,35344.31,651.0,6.7,0.0,4,0
37,52787.27,1000.0,488.0,5.5,12518.89,13,0
24,45695.06,10821.37,684.0,5.2,6962.58,2,0
45,67048.91,1000.0,695.0,3.3,107.97,13,0
50,66565.52,12856.73,644.0,0.3,0.0,10,0
29,36987.61,11308.29,583.0,15.1,9995.21,12,0
41,68163.84,10906.45,630.0,9.6,4187.97,11,0
40,47390.22,17434.67,819.0,3.3,1126.25,3,0
39,38664.05,13049.51,608.0,0.9,15068.43,13,0
39,54764.37,19307.35,587.0,8.7,0.0,6,0
32,25463.12,5101.35,465.0,2.8,6501.27,4,0
57,73626.13,15619.07,734.0,2.5,12348.28,5,0
62,53887.58,9946.55,551.0,5.5,10931.65,11,0
37,54325.09,12037.28,657.0,7.1,179.23,9,0
57,53256.67,17162.79,819.0,0.3,15903.99,5,0
59,87937.0,10965.55,680.0,7.3,16519.26,10,0
48,85377.55,14158.67,679.0,6.6,14146.51,11,0
61,82015.22,5766.04,624.0,4.4,2799.98,8,0
55,53299.17,23764.1,675.0,2.1,6648.12,2,0
38,32687.5,20827.55,656.0,0.9,15548.4,12,0
34,54680.41,15799.87,693.0,0.5,10664.69,14,0
55,61288.01,13058.72,457.0,0.0,4170.78,6,0
64,71252.21,14165.03,680.0,1.2,6723.54,11,0
61,61223.65,23592.19,685.0,2.6,0.0,11,0
27,34470.11,20260.84,850.0,1.4,14895.23,6,0
61,44291.69,23726.75,650.0,1.8,7388.45,5,0
33,42477.27,12264.87,668.0,2.5,18457.96,6,0
38,65781.06,18867.19,682.0,1.8,0.0,14,0
57,66271.95,24509.39,684.0,6.4,2170.97,5,0
33,68892.64,7590.83,551.0,3.4,7683.16,2,0
56,61020.72,7087.66,715.0,0.1,21568.11,5,0
51,15000.0,17201.64,577.0,1.3,8466.07,1,1
22,20482.81,5120.46,683.0,6.2,3441.21,3,0
36,52196.25,1000.0,581.0,1.8,8106.65,14,0
29,56961.56,24397.17,632.0,12.6,3945.06,7,0
29,80073.31,25791.19,612.0,6.2,13677.9,4,0
58,56555.9,5559.84,630.0,1.7,13168.07,8,0
31,35481.01,3544.11,643.0,3.6,17661.5,3,0
42,68243.3,9774.48,680.0,5.5,0.0,7,0
53,54654.97,25022.47,642.0,1.1,0.0,14,0
56,46958.9,11714.09,720.0,1.4,6602.49,2,0
43,22708.01,15757.56,607.0,3.5,12894.91,14,1
54,56703.74,17599.37,684.0,12.9,14147.81,8,0
29,59576.36,16390.78,583.0,2.1,9440.42,13,0
44,35077.07,26952.57,793.0,2.6,12884.25,3,0
28,69887.16,9240.87,685.0,1.1,17089.92,13,0
27,68095.94,14182.35,594.0,4.5,3273.42,6,0
56,55978.25,16859.41,789.0,6.7,16802.62,2,0
38,55234.46,14608.03,691.0,2.9,16985.44,7,0
23,73920.75,5247.19,595.0,6.9,4688.23,13,0
48,62350.61,3219.72,640.0,1.8,2305.09,4,0
26,40954.89,3052.18,559.0,6.1,12547.06,6,0
64,51047.03,20810.04,559.0,1.5,19943.97,2,1
64,66136.99,8436.78,747.0,7.6,2933.23,3,0
41,15000.0,18754.2,578.0,8.9,19521.94,3,1
48,36369.48,15693.94,543.0,8.0,2237.15,4,0
60,68642.75,7201.14,701.0,1.2,6680.25,1,0
21,79177.55,7400.81,783.0,5.9,1223.26,13,0
56,75420.97,16072.11,743.0,3.9,10584.5,6,0
41,72865.87,15621.48,833.0,21.4,8813.93,11,0
63,57594.88,18936.26,844.0,2.2,8298.03,6,0
55,34421.93,11339.96,578.0,7.4,4233.9,4,0
33,51067.53,8226.34,625.0,2.3,5436.41,8,0
30,15134.62,15878.96,524.0,2.5,7601.13,5,1
64,81013.12,26359.35,557.0,0.6,6433.72,10,1
30,38657.74,1000.0,736.0,1.4,7743.88,14,0
33,44333.08,8607.58,672.0,0.9,0.0,4,0
57,76172.38,19723.52,767.0,0.9,0.0,7,0
58,22707.46,16731.89,581.0,0.0,10081.83,10,1
44,31211.95,19840.15,606.0,7.9,10277.57,10,0
22,60359.43,11562.76,697.0,3.2,9406.05,8,0
42,65407.61,2104.67,735.0,8.2,11166.56,2,0
37,53565.98,28371.94,519.0,4.7,5283.72,13,0
56,54218.34,23670.69,631.0,8.9,5889.81,1,0
34,80367.56,14806.57,682.0,3.5,5131.33,6,0
30,67726.37,8266.72,713.0,0.5,0.0,2,0
55,65023.4,11075.46,728.0,4.8,11448.58,11,0
45,70512.93,16832.67,644.0,5.7,12712.05,8,0
23,48988.19,12986.94,551.0,4.9,13591.13,13,0
58,98463.31,14884.01,496.0,8.1,6135.29,5,0
37,15000.0,27881.1,635.0,6.6,3694.83,2,1
32,84158.42,22389.4,627.0,2.8,5176.95,11,0
44,73042.15,5633.77,586.0,8.5,4906.99,12,0
49,59965.77,15615.35,721.0,5.9,0.0,5,0
63,56600.58,10837.09,558.0,0.6,9782.85,2,0
45,51888.93,17383.55,597.0,3.9,13061.98,6,0
56,77068.87,14493.35,743.0,6.5,9299.7,8,0
46,54202.71,38741.59,588.0,4.0,8135.29,2,0
58,40442.31,18434.09,676.0,14.9,4236.48,6,0
21,73039.66,13926.53,649.0,0.5,12572.16,6,0
40,86695.32,29744.05,669.0,6.4,7473.97,1,0
48,16456.62,16644.4,721.0,8.7,687.6,9,0
36,102141.84,2850.21,676.0,6.1,15939.04,12,0
37,34265.37,14004.42,539.0,2.4,11880.05,8,0
60,35794.03,19909.63,553.0,2.4,17929.49,12,0
48,30102.21,18876.24,674.0,4.4,14976.86,14,0
32,55016.98,23041.4,576.0,2.5,4261.95,4,1
47,29405.63,16229.73,726.0,10.7,6289.46,7,0
62,31834.8,15664.89,675.0,0.6,14069.27,4,0
50,41229.0,3780.2,513.0,5.1,948.36,8,0
61,57769.11,27227.38,801.0,0.7,17935.36,10,0
54,59697.07,12555.17,621.0,3.9,9964.83,2,0
57,79823.95,7163.72,633.0,6.3,12967.75,2,0
26,79362.98,36023.26,684.0,0.9,9937.91,3,0
27,75492.23,28440.69,643.0,6.1,8320.33,14,0
52,49767.66,11418.01,727.0,0.8,6257.88,4,0
52,18176.36,1000.0,569.0,4.8,7120.98,11,1
45,17733.71,9252.23,742.0,3.5,0.0,13,0
53,75354.6,27633.08,704.0,1.8,11376.56,6,0
27,71875.09,16413.71,588.0,0.6,21072.4,5,1
32,42665.91,4204.51,670.0,6.7,3024.86,10,0
36,26185.27,21271.85,747.0,2.4,0.0,13,0
36,34056.98,13321.14,692.0,0.5,17412.6,10,0
63,58493.89,9810.38,662.0,7.4,10265.54,7,0
56,58531.22,10417.28,700.0,1.3,13427.97,6,0
33,75850.63,25451.14,707.0,6.7,11019.8,14,0
27,45992.91,19373.09,610.0,4.2,2435.97,4,0
56,50119.28,3111.54,663.0,1.1,13453.14,11,0
29,77506.43,17937.51,718.0,0.4,5042.07,10,0
52,15000.0,15860.92,661.0,4.5,3044.16,9,0
31,61349.06,11636.74,593.0,0.1,11830.6,7,0
28,48315.42,12058.55,672.0,0.3,9036.65,1,0
53,69255.2,8079.58,619.0,6.1,10478.81,8,0
43,65252.13,9699.79,697.0,3.9,10264.79,4,0
45,41073.81,17317.79,764.0,2.0,12981.79,7,0
28,44853.3,12779.44,704.0,3.9,15780.28,11,0
42,15000.0,19365.45,584.0,4.5,9269.23,2,1
24,69999.83,8720.16,674.0,4.2,16667.59,12,0
60,59795.48,20659.96,444.0,5.1,14790.15,3,1
23,82970.25,25515.56,642.0,14.1,12438.66,1,0
49,47012.0,14945.73,725.0,2.5,4551.46,2,0
61,73286.71,19165.01,682.0,1.8,13878.23,11,0
49,33601.48,19477.14,659.0,0.2,10565.45,5,1
54,15000.0,10983.22,820.0,0.8,0.0,2,0
54,53109.72,19506.92,514.0,0.6,894.45,13,1
48,43666.36,1000.0,532.0,2.0,710.17,6,0
33,33983.57,1000.0,689.0,4.7,841.04,6,0
35,72962.11,12364.17,722.0,0.2,1426.15,6,0
43,79164.93,20067.73,725.0,6.5,13019.13,12,0
64,57108.43,14319.57,604.0,2.5,8492.96,11,0
46,51349.62,20966.99,582.0,16.6,13296.93,14,0
24,56254.17,5386.11,571.0,4.2,1280.03,3,0
46,41941.48,22062.72,676.0,7.4,0.0,11,0
60,66251.92,28030.5,571.0,9.9,2820.94,3,0
29,24212.56,9428.72,739.0,11.0,12157.51,10,0
25,33538.44,21167.99,648.0,3.7,12488.68,7,1
52,39174.78,15182.55,594.0,2.5,6637.42,13,0
40,65827.11,18534.72,594.0,4.1,9934.58,13,0
31,48950.2,28014.49,527.0,2.6,4960.42,4,1
35,82207.81,17618.43,586.0,1.4,3646.17,6,0
52,71066.2,21115.54,606.0,2.0,10385.92,12,1
48,38978.14,4895.64,683.0,1.3,11977.33,8,0
42,67669.32,20869.13,642.0,1.6,18743.04,3,0
61,46835.86,27880.06,581.0,0.5,2009.48,9,0
37,64463.61,7612.0,552.0,2.8,1260.29,9,0
46,72035.44,12415.81,631.0,1.3,5028.02,3,0
64,77294.29,20489.01,486.0,3.0,11679.19,6,0
27,59040.43,18582.27,625.0,7.9,20046.62,5,0
62,87002.47,4122.18,739.0,3.0,8849.92,4,0
46,63826.29,16319.29,634.0,15.5,2827.34,8,0
45,57701.04,12338.55,663.0,0.8,1165.59,10,0
30,48949.71,7250.76,653.0,9.5,4505.28,9,0
39,42373.82,25853.8,539.0,1.4,9376.28,12,1
31,63397.67,15043.68,791.0,13.6,12275.53,9,0
33,57015.15,22864.39,617.0,1.3,9311.47,5,0
28,60216.51,5612.7,650.0,6.9,3680.93,5,0
60,64614.92,19711.57,598.0,0.3,152.38,11,0
24,60132.03,23493.52,741.0,5.0,11934.92,3,0
51,95265.91,13062.81,533.0,1.2,4695.9,9,0
48,44440.7,11022.56,754.0,5.5,5192.7,1,0
31,63645.87,4565.83,626.0,5.1,1915.94,12,0
63,50446.14,8055.58,607.0,12.9,0.0,3,0
21,15000.0,11378.93,600.0,4.9,17869.59,7,1
58,51130.54,7192.71,795.0,2.6,4048.31,7,0
44,36270.06,8856.43,522.0,1.1,0.0,5,0
51,53663.55,16264.78,607.0,5.4,8977.6,6,0
61,54471.95,17222.31,547.0,0.6,7110.43,4,0
46,62707.16,23726.76,505.0,8.8,0.0,8,0
25,44396.41,8905.81,754.0,1.4,14844.89,4,0
40,46898.14,15185.48,648.0,3.7,11973.92,10,0
61,69013.87,11658.43,557.0,4.5,13055.06,6,0
31,38818.83,11093.08,716.0,2.3,9606.84,5,0
53,18230.94,12470.89,618.0,5.5,179.13,12,0
58,58140.63,13430.6,598.0,1.4,7626.58,14,0
47,76416.97,17003.17,696.0,0.2,5115.12,10,0
54,68783.61,12357.14,616.0,16.0,4099.28,6,0
35,58509.68,24818.65,573.0,1.9,17818.33,3,0
52,80012.91,1364.8,706.0,6.2,2052.37,13,0
41,76640.34,23431.63,639.0,3.5,5221.11,3,0
25,48381.71,12051.97,710.0,5.5,8226.46,10,0
26,59950.43,13489.34,618.0,0.6,10363.2,7,0
58,60809.2,14923.08,732.0,3.7,18153.74,13,0
42,53264.99,20645.14,651.0,2.5,7018.91,1,0
38,77684.95,7957.67,735.0,3.0,9745.49,1,0
34,51957.19,9745.13,732.0,16.9,774.25,1,0
30,44994.42,19004.48,749.0,0.7,11453.07,6,0
33,15000.0,1414.57,655.0,7.0,19612.74,4,1
51,39033.92,14726.67,681.0,2.0,5435.61,14,0
50,28691.64,8618.16,632.0,1.7,12818.17,6,0
23,54192.08,6934.17,578.0,1.6,0.0,14,0
50,29926.21,1892.29,810.0,2.1,5929.9,14,0
26,67173.69,21178.42,590.0,2.2,6230.31,1,0
49,77168.75,16270.61,722.0,1.6,10112.48,4,0
28,54376.86,9621.75,708.0,5.5,7162.32,4,0
64,35319.65,13683.54,664.0,0.2,14775.4,2,0
63,60728.01,6256.94,638.0,2.0,4917.98,1,0
64,92869.5,10710.51,638.0,1.6,12385.09,13,0
53,86649.61,13413.23,597.0,7.0,8968.59,8,0
37,26878.43,15511.6,658.0,0.8,1527.53,6,0
31,26136.38,18136.51,555.0,14.1,0.0,4,0
33,21009.27,1000.0,710.0,0.9,8879.96,2,0
31,32260.41,18161.41,632.0,2.3,3892.5,12,0
51,60031.85,1196.03,573.0,1.1,9651.92,13,0
48,43866.11,18452.27,548.0,1.7,436.75,5,0
64,38226.6,13293.51,639.0,7.2,11201.2,9,0
26,75782.2,23731.68,642.0,3.2,17410.86,7,0
61,65601.86,9604.22,609.0,0.9,6563.66,4,0
36,20905.95,21246.72,690.0,0.2,0.0,5,0
24,74634.49,5660.85,678.0,1.3,7665.75,8,0
55,65120.69,15847.1,655.0,14.6,3724.9,11,0
46,65565.27,1000.0,576.0,9.3,2315.38,13,0
32,43590.52,22064.5,591.0,2.9,6742.42,5,0
31,51253.92,28814.99,538.0,3.3,13979.83,12,0
57,15545.57,9414.22,635.0,11.5,4538.65,6,0
45,72339.73,15981.04,695.0,4.5,12184.55,13,0
38,35021.46,18550.7,553.0,10.6,6706.41,10,0
39,37587.42,2597.96,605.0,3.4,7456.78,6,0
43,37317.17,9007.15,646.0,1.1,14550.91,8,0
58,91008.02,8511.92,695.0,6.5,6322.09,13,0
38,41625.92,34256.51,532.0,3.7,12596.62,11,1
46,73845.21,23366.42,828.0,5.5,6635.82,5,0
26,54520.16,13263.34,710.0,0.9,11357.67,1,0
24,38417.81,21232.33,602.0,5.2,6406.91,4,0
64,34792.0,16690.0,564.0,2.4,9027.02,3,0
49,42422.88,19744.3,673.0,2.0,9543.16,2,0
54,53510.77,6571.89,688.0,5.6,12054.24,7,0
37,67034.74,25987.01,571.0,4.5,10878.88,13,0
63,45580.17,8858.08,561.0,5.2,2934.19,13,0
63,44831.77,9272.22,579.0,16.8,18920.89,7,0
36,37376.9,19721.82,655.0,6.0,8157.04,8,0
22,31119.16,17766.09,656.0,5.1,13492.74,10,1
54,29446.18,15185.25,823.0,4.8,0.0,5,0
28,74760.58,21716.8,477.0,2.5,12820.36,1,0
33,44423.22,5711.56,596.0,9.1,12591.85,6,0
62,46194.48,29754.83,608.0,2.4,9403.76,6,0
28,41667.75,10994.76,689.0,6.0,0.0,11,0
50,48662.87,14292.71,692.0,1.7,3666.88,8,0
52,62421.48,29878.61,634.0,0.8,1857.54,13,0
56,45262.38,9324.48,771.0,0.7,14977.15,10,0
50,58614.8,23184.34,561.0,5.0,779.74,2,0
21,83364.17,13285.42,594.0,2.0,11324.95,11,0
63,38606.72,8265.32,545.0,1.6,6262.26,9,0
59,46210.63,11930.09,638.0,4.5,14497.71,11,0
37,67821.21,19530.24,623.0,0.1,9373.44,13,0
40,84945.92,23114.13,713.0,1.4,4126.99,6,0
44,30153.79,16804.85,798.0,2.1,3353.35,1,0
42,20983.92,2216.45,769.0,6.2,5349.83,9,0
49,54987.87,20084.25,552.0,3.9,0.0,8,0
42,52922.46,13862.95,654.0,9.7,18623.14,10,0
64,69003.39,6180.14,712.0,2.0,15883.36,1,0
29,65951.21,17771.15,703.0,1.8,8408.13,8,0
57,54320.74,24070.72,835.0,0.2,13637.71,13,0
30,75984.3,15053.75,632.0,15.2,7782.48,7,0
56,41379.65,22386.66,656.0,3.5,10617.89,5,0
57,59231.62,18699.17,829.0,3.5,13921.42,13,0
48,30685.86,18802.43,684.0,12.8,6569.3,6,0
48,54157.43,12556.1,602.0,1.7,12643.77,4,0
62,25777.37,21549.57,572.0,2.0,0.0,9,1
63,32683.13,22313.43,667.0,5.3,9287.44,9,0
41,89189.04,21341.34,735.0,7.7,7913.58,13,0
44,18509.25,12489.71,734.0,6.0,5959.05,10,0
62,50666.97,22880.64,580.0,7.8,6759.77,14,0
60,71544.3,18090.52,658.0,4.3,6548.42,1,0
22,99427.11,7221.4,614.0,9.9,14647.99,12,0
28,58541.5,11948.06,638.0,4.0,7650.62,9,0
47,59684.4,10756.73,722.0,1.3,24927.82,3,0
42,55793.71,1000.0,646.0,3.9,2362.9,12,0
57,76144.69,23027.3,702.0,6.2,11328.22,2,0
47,63634.07,39809.49,705.0,5.3,13369.14,4,0
49,43498.24,24666.78,601.0,1.4,5662.51,4,0
23,77310.23,16302.87,748.0,0.2,718.9,9,0
64,45756.19,10873.45,562.0,1.5,5290.83,4,0
33,23030.08,7599.33,549.0,20.7,73.66,5,0
30,23093.51,16205.16,612.0,1.0,3058.81,6,1
56,50978.64,22746.45,572.0,3.1,10322.9,4,0
29,57060.83,9603.34,698.0,5.1,23540.18,1,0
47,74112.59,35514.08,850.0,10.6,18413.4,13,0
54,67816.33,3928.05,740.0,7.1,4351.86,2,0
21,56597.02,16795.99,585.0,12.0,13673.98,3,0
52,75230.21,15562.35,570.0,4.6,5818.28,4,0
45,55254.76,15053.01,728.0,10.0,2779.7,5,0
49,29190.28,10449.16,555.0,1.5,7503.75,13,0
27,24830.95,15659.73,571.0,2.8,0.0,10,1
23,80573.75,11401.83,680.0,9.3,0.0,10,0
40,15000.0,25303.12,607.0,2.0,13478.41,3,1
40,50985.19,27966.19,660.0,10.2,16183.57,11,0
50,114635.87,11891.65,624.0,2.3,0.0,1,0
55,64184.67,1840.23,648.0,2.3,16744.09,11,0
55,50829.14,17541.18,720.0,1.8,14951.71,11,0
59,21310.77,17252.76,700.0,4.0,5908.21,8,0
47,87347.41,15841.7,723.0,0.7,10729.94,8,0
46,79276.56,19263.62,701.0,0.2,18903.73,13,0
34,68695.94,26052.22,707.0,11.4,15355.82,4,0
37,54988.81,21663.78,650.0,13.2,10964.51,7,0
38,66440.24,19251.48,534.0,0.4,4197.59,4,0
49,52027.58,21031.32,641.0,4.0,5539.19,14,0
40,35534.78,17011.81,675.0,3.9,12195.85,3,0
47,74126.7,7436.47,656.0,2.3,11250.91,7,0
38,53986.83,26603.65,684.0,4.2,14971.47,14,1
24,65438.88,15820.67,815.0,3.1,0.0,6,0
21,52577.54,7432.49,610.0,3.4,10669.76,1,0
21,64236.39,5976.17,618.0,7.0,12315.71,9,0
46,54710.15,7657.61,747.0,3.7,6546.81,12,0
40,53149.0,5138.36,660.0,2.0,22292.04,2,0
43,55599.79,20351.08,686.0,4.4,2812.15,13,0
30,114217.39,13599.11,603.0,5.1,7662.8,3,0
31,71048.14,21208.04,591.0,5.4,12385.66,5,0
61,106721.16,24355.79,553.0,4.8,13181.0,3,0
61,54837.95,22286.26,664.0,5.5,6527.79,3,0
25,48818.84,20072.19,572.0,1.9,6516.87,8,0
21,33516.06,17300.23,562.0,3.0,12192.3,14,1
37,87064.62,13477.1,703.0,5.5,10785.75,4,0
42,36896.3,14010.83,599.0,7.0,8552.61,13,0
54,91191.22,19674.91,554.0,2.8,0.0,13,0
61,34676.23,7309.48,546.0,2.3,8886.33,10,0
49,72733.2,14568.92,723.0,6.3,17691.63,2,0
24,23179.85,9057.26,641.0,1.3,11536.67,5,0
25,46160.89,24383.86,618.0,0.0,3345.52,2,0
31,55441.63,20736.46,664.0,3.2,0.0,10,0
41,43050.18,32099.64,656.0,1.0,13752.65,11,0
55,51613.47,8938.39,608.0,2.4,5241.39,12,0
32,51709.1,9796.21,623.0,1.7,16011.42,8,0
46,71138.67,15460.01,708.0,7.5,15874.02,3,0
39,15000.0,9196.33,716.0,2.0,7107.5,14,0
27,43741.61,19300.96,583.0,5.1,9950.17,2,0
27,80092.73,14592.37,752.0,5.6,10699.18,3,0
46,66249.6,11091.75,811.0,3.0,798.88,3,0
60,80425.73,23700.84,627.0,0.4,18239.04,1,0
25,70175.79,1000.0,625.0,6.0,10994.12,3,0
41,33329.7,19336.91,578.0,0.4,8918.21,3,0
34,68217.94,10590.94,597.0,0.5,13918.92,4,0
24,57003.86,21534.05,676.0,1.1,9830.15,13,0
43,100361.23,23450.05,835.0,1.6,1473.73,8,0
62,71043.29,1000.0,708.0,9.4,3166.8,9,0
40,65467.35,13307.02,623.0,5.6,0.0,1,0
35,68388.49,15465.53,616.0,2.4,8396.42,1,0
49,64376.91,1000.0,597.0,19.2,11314.96,6,0
28,63836.02,16822.01,735.0,1.4,6875.03,1,0
61,49674.13,10775.58,631.0,4.7,1066.03,12,0
39,65709.46,5354.18,686.0,9.4,5029.59,5,0
59,73969.33,9796.09,631.0,8.1,5787.01,14,0
48,76206.56,8413.49,819.0,0.5,13204.29,12,0
47,73782.34,10433.14,607.0,6.0,16590.93,1,0
24,85161.27,16480.99,594.0,1.5,0.0,13,0
35,77457.84,22849.97,611.0,2.2,7527.07,8,0
55,67570.36,14377.31,684.0,3.4,4375.37,12,0
57,32126.78,23822.06,765.0,7.8,6435.9,5,0
21,32134.63,6632.34,684.0,0.9,13052.48,6,0
23,50037.31,16223.11,707.0,0.6,5002.95,4,0
44,55935.07,31852.89,695.0,0.8,12106.56,13,0
47,82960.03,2275.48,517.0,1.2,19948.2,8,0
60,15000.0,1969.94,649.0,0.3,5298.57,12,0
56,34335.87,25239.77,625.0,13.0,6697.9,9,0
54,51115.58,16764.2,639.0,1.9,6563.44,9,0
49,35062.85,10188.0,584.0,1.0,22321.95,1,0
44,39037.85,5962.61,719.0,5.1,4999.33,14,0
44,45016.76,14712.09,654.0,7.7,16819.81,7,0
62,36083.48,16068.63,653.0,7.0,7784.57,4,0
24,39551.51,16108.22,638.0,6.3,9021.62,13,0
23,82264.65,5884.42,600.0,0.3,12969.93,13,0
54,67286.37,12304.41,507.0,7.6,5763.74,10,0
43,70278.87,10455.34,672.0,3.5,13895.13,11,0
43,54317.54,20171.55,659.0,5.2,6339.15,8,0
25,75222.1,6356.4,693.0,15.7,1588.79,7,0
51,71955.97,15608.22,656.0,8.3,14100.16,1,0
61,66970.76,36073.81,564.0,8.7,11661.91,1,0
26,41916.72,5810.16,586.0,1.0,4483.33,1,0
57,46159.26,9021.9,757.0,3.2,14916.54,2,0
30,76162.6,14249.1,676.0,14.9,2093.75,10,0
60,44665.33,1000.0,714.0,4.4,10537.32,2,0
27,29229.52,3585.38,724.0,0.5,0.0,9,0
59,44279.64,17485.54,571.0,6.6,5664.33,5,0
58,86188.11,13594.64,623.0,0.2,2946.72,1,0
41,44299.27,23437.66,704.0,6.8,444.38,7,0
40,61553.1,13095.0,585.0,10.6,8147.07,10,0
23,42686.24,12390.85,617.0,2.8,9992.33,2,0
42,70268.51,9377.03,608.0,2.7,11688.76,3,0
24,65735.98,12257.24,591.0,1.8,8010.08,4,0
48,25176.31,5307.3,640.0,10.5,10585.17,3,0
32,60360.64,13820.27,611.0,4.0,1261.32,3,0
58,21348.26,7229.95,618.0,4.3,2718.43,9,0
56,43918.64,5313.88,671.0,5.4,7893.1,12,0
61,54771.32,9884.34,730.0,1.8,2743.36,4,0
25,91937.32,18609.22,711.0,2.8,8033.27,8,0
33,61358.25,16138.04,664.0,6.8,4099.95,1,0
43,39658.28,20340.85,781.0,21.2,7048.84,13,0
50,48655.8,7614.11,703.0,0.2,0.0,6,0
57,73483.94,14894.43,714.0,0.2,0.0,1,0
45,39929.66,28614.34,637.0,2.8,3697.83,5,0
47,76939.57,26180.12,619.0,5.4,39.42,7,0
34,44538.97,4802.9,680.0,2.4,0.0,13,0
56,36693.62,6932.77,722.0,39.6,10895.43,12,0
59,45179.94,28579.76,664.0,1.1,13827.98,1,0
36,22674.31,18612.4,599.0,0.0,13251.17,9,1
42,15000.0,13474.16,547.0,1.1,7133.84,12,0
41,53349.29,12580.71,523.0,10.9,7011.77,11,0
41,53654.04,16819.68,653.0,0.8,8595.67,9,1
28,60129.24,16919.95,715.0,3.3,4072.23,6,0
36,53250.52,10734.71,466.0,2.7,0.0,14,0
51,101585.06,13694.4,601.0,5.5,15124.85,2,0
62,58368.19,10454.23,588.0,0.3,8086.09,2,0
30,27470.74,16349.92,680.0,5.4,7717.32,9,0
52,32601.7,9099.46,597.0,2.2,6099.85,13,0
54,55006.09,4858.03,552.0,13.0,11561.82,14,0
29,46291.47,26803.01,601.0,9.4,7291.56,14,0
37,30430.4,14443.4,589.0,2.6,5063.69,4,0
31,53823.04,28576.44,651.0,24.7,5986.21,6,0
52,54115.52,1000.0,633.0,0.3,8389.41,13,0
30,86913.87,3404.22,685.0,7.8,1083.93,10,0
42,36678.21,18734.36,649.0,2.8,16485.37,2,1
37,46645.44,14450.14,731.0,2.8,4357.46,4,0
24,86852.33,5738.48,614.0,0.9,3228.94,2,0
45,61571.72,24091.96,700.0,3.6,5732.47,3,0
41,36560.91,8040.85,675.0,0.4,13454.95,2,0
57,40705.36,24588.41,626.0,4.8,6388.96,14,0
58,30716.82,14436.52,705.0,1.4,14985.25,8,0
21,56545.45,6440.56,586.0,6.5,6021.98,5,0
45,75623.2,9650.09,749.0,4.7,0.0,5,0
56,87618.03,25977.22,588.0,6.9,2990.26,8,0
37,25274.37,12618.02,543.0,6.9,3883.36,11,0
61,72382.34,22778.73,537.0,1.1,11891.49,8,0
44,58286.26,26203.52,657.0,0.0,5250.18,13,0
22,49761.39,14356.61,605.0,2.3,916.86,7,0
60,46653.24,13214.46,664.0,12.6,0.0,5,0
35,16581.36,11760.25,562.0,4.3,0.0,7,0
52,67759.97,17816.78,689.0,6.5,23921.76,13,0
59,28622.86,27047.44,665.0,10.6,3503.81,1,0
26,40036.08,5183.71,613.0,11.8,10656.4,3,0
21,63359.69,16753.22,700.0,3.8,759.61,3,0
43,18667.29,16407.04,696.0,3.9,15365.84,2,1
59,28584.12,1000.0,657.0,9.5,2855.31,6,0
37,79373.25,7900.27,721.0,8.2,19224.42,3,0
54,57441.18,9539.67,739.0,6.0,19831.64,4,0
61,41755.97,21112.24,587.0,4.6,1307.48,3,0
49,57519.92,22511.61,741.0,4.8,15434.24,7,0
29,68389.53,1000.0,578.0,2.3,19264.41,4,0
33,77495.36,20113.62,712.0,9.2,0.0,5,0
26,32751.3,19079.42,726.0,4.8,0.0,14,0
26,34503.24,19627.09,636.0,1.3,0.0,7,0
40,67166.87,16221.97,646.0,1.4,2361.77,4,0
23,67808.25,22603.52,626.0,9.9,1966.7,14,0
37,28120.62,24372.17,584.0,4.9,5996.05,6,0
32,35253.79,1929.07,599.0,2.5,339.94,9,0
21,51125.05,14610.21,690.0,1.0,12150.4,6,0
37,55471.52,12964.09,718.0,4.7,8182.84,5,0
23,56038.6,10418.02,649.0,1.0,10546.33,12,0
46,27813.52,11363.94,569.0,3.2,14177.53,14,0
35,55836.56,16494.27,558.0,5.7,9578.52,13,0
56,40652.59,4627.13,642.0,4.2,6656.75,1,0
52,31673.65,20364.98,608.0,12.8,3071.95,8,0
52,54780.08,12047.02,745.0,0.2,13385.09,5,0
24,52740.13,21997.17,594.0,1.6,9622.71,5,0
38,71033.86,10040.55,698.0,0.3,9312.66,3,0
39,37780.63,9607.09,600.0,1.1,4368.56,10,0
63,59703.41,7436.29,627.0,0.7,9801.34,12,0
55,23626.5,10085.16,664.0,6.6,3310.25,2,0
60,49502.89,8588.56,692.0,2.3,9860.05,1,0
34,64273.56,18477.98,684.0,13.0,6411.26,9,0
53,65960.42,23376.86,605.0,0.1,12293.32,5,1
34,66096.68,18102.94,658.0,5.3,29.09,10,0
54,71087.52,14380.62,620.0,17.6,8285.43,12,0
24,46084.2,18895.1,535.0,1.0,12216.87,4,0
44,64914.51,14708.64,668.0,2.9,8447.42,7,0
49,92374.9,15228.59,751.0,6.1,0.0,13,0
39,45657.35,12546.89,774.0,5.0,3532.78,4,0
26,82603.96,21692.73,675.0,4.2,15603.39,11,0
53,72529.46,1000.0,670.0,2.0,7575.36,2,0
60,49673.53,1000.0,440.0,6.5,3084.27,9,0
39,51342.49,23217.8,850.0,5.3,15525.42,8,0
21,57368.05,13427.78,764.0,0.9,17298.01,12,0
25,71403.3,22337.87,711.0,16.6,927.46,4,0
47,63052.69,10135.37,656.0,4.1,4982.14,8,0
36,45500.05,28393.95,472.0,3.7,5933.78,12,0
26,15000.0,13907.85,665.0,9.4,11199.25,13,1
60,68443.48,18595.13,653.0,5.1,6917.79,9,0
33,16350.05,11422.83,537.0,0.4,8734.58,2,0
55,27680.41,7822.95,686.0,3.5,7123.78,4,0
39,46950.46,1072.57,749.0,7.6,21199.35,11,0
32,30718.43,21285.63,677.0,6.0,11441.09,6,0
36,61350.57,18163.34,677.0,17.7,6238.35,7,0
63,49076.24,15749.54,682.0,0.1,6332.89,5,1
30,70704.62,5891.07,624.0,1.5,10838.85,10,0
45,22845.65,26323.73,711.0,4.0,2269.09,12,0
40,41762.05,15846.98,772.0,4.8,9620.79,10,0
51,55083.99,20623.11,653.0,1.6,8955.66,13,0
24,55854.56,14976.1,590.0,8.8,2812.29,7,0
64,68880.73,6284.63,539.0,0.9,0.0,14,0
43,36708.23,22939.49,690.0,0.0,0.0,11,1
22,45639.79,18606.15,699.0,15.2,6622.9,4,0
42,65146.99,13548.72,679.0,2.5,13442.11,8,0
57,15000.0,18469.36,631.0,15.8,5304.72,3,1
28,62698.71,21540.35,672.0,1.6,13196.01,13,0
27,70278.97,20281.65,607.0,0.3,5799.97,3,0
34,28326.79,1309.39,593.0,7.4,1693.33,5,0
23,48699.54,3078.39,570.0,9.0,329.9,6,0
36,84853.2,20862.79,571.0,3.4,2440.55,3,0
39,68196.57,9431.04,692.0,0.4,8844.42,10,0
38,63939.45,6611.1,628.0,5.3,7726.38,2,0
36,74819.19,17976.83,595.0,1.0,6510.98,5,0
28,91090.9,6368.45,541.0,9.5,6760.65,10,0
53,55370.68,11166.87,704.0,1.6,14630.25,6,0
32,46856.22,21818.16,736.0,9.4,19277.45,3,0
31,74770.77,2886.87,568.0,2.8,3573.06,7,0
25,51250.94,4053.89,640.0,4.5,6871.34,3,0
47,36439.63,2112.03,575.0,7.8,671.83,12,0
32,44198.67,8110.68,639.0,0.2,7912.74,13,0
37,61246.59,15661.72,699.0,8.6,6110.55,2,0
26,46008.08,10049.7,779.0,0.7,9288.0,14,0
53,47500.5,27026.79,614.0,2.2,13269.82,13,1
25,34453.68,18642.48,706.0,3.2,741.92,10,0
48,83707.33,14849.46,708.0,11.3,6724.68,4,0
34,48147.47,25139.27,638.0,0.1,6338.1,3,0
25,40769.78,4353.54,743.0,4.1,8952.7,7,0
53,42897.54,21932.57,624.0,5.1,16402.59,8,0
61,71050.52,13109.93,685.0,1.9,4097.06,3,0
39,66463.97,11357.42,604.0,1.7,11655.13,6,0
42,44962.91,19888.57,693.0,3.4,18033.19,1,1
25,55646.26,11699.93,684.0,1.0,2924.31,5,0
22,60534.09,16455.23,745.0,3.2,8883.48,2,0
50,40918.39,14200.71,797.0,7.2,8831.22,1,0
59,24187.54,17451.61,723.0,9.3,222.69,13,0
24,65300.75,10943.36,704.0,2.4,11474.99,7,0
53,42025.32,22414.1,619.0,4.8,14736.27,10,0
33,63806.97,1000.0,469.0,0.0,3991.97,4,0
40,61420.53,20127.14,754.0,4.0,6262.16,5,0
27,56115.85,1000.0,798.0,18.5,0.0,2,0
35,46477.46,8972.41,675.0,1.9,14311.95,8,0
43,42321.44,19178.87,570.0,4.5,13192.17,11,0
34,32231.65,1000.0,760.0,7.2,2265.3,13,0
43,42705.04,16331.85,738.0,4.7,2945.71,10,0
39,66376.3,4029.23,487.0,2.7,5613.48,14,1
49,82956.51,7247.44,661.0,0.8,15752.0,3,0
40,80021.99,6879.41,669.0,3.1,7567.02,7,0
49,57908.46,4253.34,522.0,1.7,8910.64,11,0
44,82945.88,1163.12,564.0,6.0,8911.47,1,0
38,48863.65,31569.5,737.0,2.9,16236.11,10,0
30,29179.07,13540.23,656.0,9.5,5761.3,1,0
61,93417.49,5100.62,574.0,1.1,7185.96,14,0
28,65656.17,10503.01,596.0,2.7,15046.2,7,0
46,24307.38,15293.29,554.0,4.1,14981.38,1,1
49,86180.97,11970.44,656.0,0.7,1734.3,12,0
30,40131.55,4865.27,710.0,4.4,0.0,9,0
37,44482.35,7806.15,744.0,1.7,7956.79,9,0
22,75427.66,24485.73,597.0,1.3,11880.25,8,0
26,82234.14,3778.3,622.0,0.8,9890.46,8,0
25,34985.22,1000.0,690.0,2.2,4327.58,4,0
48,84419.82,11896.36,726.0,13.2,19183.59,4,0
61,72484.74,1000.0,680.0,0.2,1588.37,5,0
25,39005.02,7721.81,751.0,9.6,0.0,9,0
38,50081.87,4984.5,795.0,2.5,14926.92,3,0
46,85322.72,5054.49,520.0,4.1,5478.2,4,0
40,23788.77,15556.24,772.0,3.6,18191.41,10,0
61,82614.29,17056.46,754.0,13.0,6502.66,5,0
47,71928.14,8552.79,556.0,7.4,5671.35,7,0
32,65182.82,14244.94,687.0,20.9,10979.8,5,0
27,57633.91,8154.23,701.0,7.9,13130.0,9,0
23,94402.76,18206.71,563.0,1.8,20963.32,6,1
30,97358.47,3178.69,645.0,16.5,13172.04,3,0
54,42695.4,16321.93,663.0,20.5,14426.47,6,0
45,67244.1,16928.64,564.0,0.7,4526.32,6,0
55,92487.53,33687.83,623.0,11.6,13753.31,12,0
36,39299.11,1000.0,762.0,5.5,11753.59,10,0
22,59862.79,36246.08,785.0,12.8,4511.52,1,0
44,75077.51,21053.48,562.0,12.4,0.0,7,0
30,15000.0,29618.52,437.0,11.1,2582.43,3,1
58,71571.1,22242.12,749.0,10.8,4900.47,1,0
42,33231.36,7451.68,796.0,0.6,6833.64,1,0
46,58846.63,20262.72,720.0,0.8,12475.32,5,0
63,77886.9,9674.78,627.0,0.6,13681.41,14,0
59,15000.0,14294.84,563.0,0.5,18492.9,10,1
47,70717.18,5602.52,699.0,2.2,10558.7,10,1
49,95766.58,9570.42,734.0,5.8,0.0,2,0
58,44333.98,22175.81,597.0,2.2,2594.65,2,1
40,66533.8,18503.65,672.0,6.4,6624.97,12,0
47,81705.73,23193.84,615.0,8.6,14424.28,4,0
61,23141.1,3817.5,710.0,5.5,11729.96,10,0
40,70147.4,1000.0,485.0,3.1,3445.64,11,0
64,75475.32,23813.73,682.0,1.8,1318.19,12,0
39,67772.4,23221.38,621.0,0.7,4194.07,12,0
40,56732.45,16692.3,797.0,3.4,577.31,7,0
55,34991.74,18353.81,675.0,6.4,7282.17,8,0
22,82828.47,21920.31,707.0,4.0,10669.59,11,0
50,55690.07,16452.19,575.0,6.4,9775.44,10,0
54,36922.39,19293.34,632.0,2.0,5149.21,7,0
42,48639.48,21518.58,682.0,0.3,8169.05,9,0
23,62367.71,14251.88,621.0,7.4,161.69,7,0
26,23776.3,12235.24,631.0,1.2,3885.33,4,0
35,55358.61,18056.42,671.0,4.8,9866.28,9,0
47,46662.46,33116.91,513.0,8.2,21498.69,9,1
30,81720.53,8218.53,608.0,0.7,16082.16,3,0
29,17502.19,11554.08,713.0,4.6,148.7,10,0
53,73775.15,1000.0,619.0,5.8,13066.23,14,0
52,83341.9,18478.43,837.0,6.9,9052.27,8,0
26,18258.23,10760.53,657.0,0.8,9219.94,1,1
61,20656.35,3797.34,502.0,8.7,23313.2,2,1
56,90718.0,14491.28,686.0,0.5,5087.84,8,0
22,36912.56,26957.05,566.0,3.7,11167.48,13,0
49,116896.58,12183.79,677.0,2.9,12610.54,8,0
24,18883.2,12915.89,605.0,1.3,3830.68,6,0
21,58400.95,26645.66,610.0,1.8,0.0,8,0
39,54532.13,14959.93,733.0,0.9,23.91,14,0
46,50836.08,5338.88,523.0,2.8,9529.73,14,0
45,64259.25,20511.99,611.0,0.2,13377.63,8,0
30,65412.93,23996.75,602.0,11.0,11246.68,2,0
35,51646.82,13397.0,757.0,0.9,11174.06,3,0
42,34716.52,16043.94,622.0,10.9,10006.04,7,0
41,75955.21,4510.5,575.0,10.0,3040.79,3,0
42,67561.05,8035.3,668.0,3.0,7833.67,13,0
56,57291.67,12335.68,578.0,3.4,11768.44,11,0
54,66927.35,15615.44,590.0,1.8,10827.11,2,0
50,70378.83,10042.02,705.0,28.8,17836.3,6,0
45,39765.36,12033.77,421.0,5.6,4506.88,2,0
48,66213.61,14009.46,573.0,15.2,4617.5,14,0
21,43939.29,7015.8,596.0,2.7,3784.89,2,0
24,71040.67,12849.59,774.0,10.7,0.0,11,0
27,51152.01,24247.52,686.0,3.0,11684.62,2,0
29,67234.39,10231.82,647.0,10.1,8025.37,4,0
56,46324.09,7792.55,642.0,0.7,6538.06,14,0
39,68274.05,31681.0,660.0,5.1,3108.49,7,0
21,35424.62,16804.82,670.0,5.7,11309.68,6,0
30,55723.38,8817.29,660.0,5.3,8103.96,5,0
56,74612.65,20148.0,806.0,3.0,17268.52,4,0
29,64344.09,17048.86,615.0,5.8,8145.28,2,0
62,58840.57,10438.51,664.0,1.4,10514.12,11,0
52,91071.23,14608.39,653.0,4.5,17432.23,8,0
52,75472.74,12668.49,725.0,4.0,6018.18,13,0
26,72110.8,22920.67,595.0,1.9,5397.67,12,0
58,68160.56,20450.74,621.0,7.5,16559.47,2,0
37,70653.94,1000.0,529.0,0.4,0.0,11,0
30,88142.04,30223.27,729.0,0.9,6442.29,8,0
47,46646.63,12693.47,528.0,3.2,6294.8,10,1
55,75188.08,28778.91,693.0,11.1,2934.13,14,0
41,62129.76,20728.41,784.0,4.3,11170.3,4,0
45,47337.65,16985.84,804.0,9.2,4579.36,12,0
48,53005.5,14246.7,626.0,3.6,8632.11,5,0
35,59383.09,37070.22,622.0,7.7,2403.97,11,1
24,37801.2,12826.8,644.0,2.0,9712.83,1,0
49,72280.26,9629.35,722.0,8.4,20478.07,2,0
29,52942.97,10349.53,639.0,2.6,7685.69,11,0
47,56698.58,15008.47,628.0,4.1,7940.23,8,0
46,82144.05,14994.51,736.0,1.0,876.83,1,0
39,57594.96,23032.19,653.0,12.7,13054.85,3,0
48,86053.37,21065.99,638.0,6.0,7482.19,2,0
37,44503.71,21075.93,580.0,9.8,10357.26,10,0
63,33058.6,13174.1,732.0,1.2,13695.02,5,0
61,49200.14,20412.18,670.0,0.4,6913.72,12,0
62,15000.0,21250.37,649.0,2.1,14125.67,4,1
40,73115.24,14365.39,501.0,3.6,14517.73,4,0
60,34222.03,17233.6,726.0,8.1,10039.14,13,0
59,42646.09,21240.25,559.0,2.5,9196.66,4,1
43,69325.57,16689.32,686.0,1.6,8167.24,11,0
52,57382.42,17452.63,588.0,2.3,11369.88,4,0
53,46189.09,26256.76,564.0,6.1,11099.7,4,1
25,15000.0,16752.11,724.0,2.0,0.0,6,0
63,81016.16,10138.14,658.0,19.4,3969.82,2,0
54,69461.6,4234.56,653.0,1.0,13743.37,13,0
60,96114.43,15905.21,806.0,7.0,9488.9,13,0
31,43072.4,12348.26,805.0,4.4,6696.72,4,0
23,25910.99,21466.51,630.0,1.3,18571.38,14,0
53,74895.11,27621.58,545.0,7.0,12871.95,7,0
31,51238.8,6762.36,763.0,3.0,14478.97,7,0
36,67563.4,7913.22,542.0,5.7,6676.04,1,0
38,87398.31,14806.73,688.0,5.4,10312.87,10,0
50,62763.06,8600.55,629.0,0.6,7511.39,12,0
30,58345.98,13223.79,656.0,9.2,1789.1,9,0
38,59600.06,10710.61,748.0,5.7,9181.67,7,0
58,22255.04,6937.78,587.0,7.6,7654.31,11,0
39,77160.76,21607.08,601.0,3.0,7554.13,6,0
56,78441.72,15602.26,711.0,1.1,13944.29,14,0
33,65611.4,29642.95,793.0,2.0,7335.44,2,0
23,24691.91,17872.05,848.0,11.6,8420.38,6,0
30,52577.02,25308.26,534.0,13.9,8712.6,5,0
58,83770.52,9169.63,616.0,3.3,11016.12,9,0
21,43684.93,9070.34,567.0,1.8,9788.18,12,0
47,78685.06,32766.96,718.0,6.6,12121.9,1,0
28,56101.93,10128.67,655.0,7.3,300.99,5,0
62,69250.08,7406.8,720.0,8.4,8865.34,3,0
37,46757.17,5630.03,618.0,0.2,7327.32,9,0
29,56687.62,30326.0,706.0,0.0,102.23,12,0
26,63734.3,12802.42,636.0,2.2,0.0,1,0
63,33335.32,18227.14,661.0,0.8,4232.63,6,0
45,60478.26,16211.18,604.0,8.2,4089.02,3,0
59,15000.0,9212.72,759.0,3.8,6564.62,1,0
48,42969.96,12629.58,549.0,8.7,8768.97,11,0
53,65877.66,21765.47,641.0,1.0,10964.55,3,0
57,77405.26,5193.14,792.0,4.9,571.47,2,0
29,64455.04,20393.35,752.0,4.3,2579.72,10,0
38,27193.66,26472.3,583.0,2.1,2782.99,12,1
41,75657.16,17339.0,587.0,3.6,7286.23,12,0
22,32217.01,25667.2,691.0,4.4,8168.44,12,0
63,67283.97,4028.69,702.0,11.0,13994.48,8,0
58,32883.33,1000.0,745.0,0.3,2497.64,3,0
60,39535.88,16941.15,537.0,8.7,12651.84,11,1
56,35873.02,10309.24,755.0,19.6,0.0,7,0
63,57779.17,22030.12,578.0,6.6,8115.31,10,0
57,51089.31,12516.45,757.0,6.7,11309.61,6,0
35,65178.19,16177.54,521.0,1.2,11800.38,7,0
48,54627.3,15647.87,561.0,3.7,18148.16,11,0
38,24642.53,15903.07,788.0,6.1,22266.8,7,0
54,60516.25,10658.84,792.0,4.6,10432.4,10,0
42,19756.69,4082.81,658.0,2.4,90.78,1,0
31,37322.92,13246.47,624.0,14.1,30854.99,4,0
33,47721.73,26600.33,649.0,3.6,14852.62,4,0
24,46335.93,10129.37,683.0,17.5,14181.89,5,0
42,22051.75,10085.23,690.0,4.1,5437.21,14,0
27,82423.19,16261.18,626.0,7.9,7268.68,10,0
63,87960.06,5583.18,495.0,6.8,3047.71,5,0
44,100015.5,23027.91,607.0,5.4,12034.84,8,0
24,77953.03,6346.12,526.0,0.1,5218.69,4,0
48,47091.07,12685.62,711.0,0.4,12311.38,13,0
35,46746.41,35311.27,680.0,4.4,3561.15,1,0
21,45642.12,5859.49,641.0,12.1,13702.64,5,0
23,94712.75,26778.97,630.0,4.6,9696.77,1,1
34,52689.17,15969.99,807.0,1.3,15629.36,12,0
58,80384.66,17098.55,742.0,1.9,20668.78,3,0
21,78828.7,8525.11,666.0,4.9,9699.7,8,0
58,58790.96,21390.0,607.0,4.5,16191.04,10,0
58,25967.18,12072.6,753.0,15.6,16219.41,5,0
41,53121.63,5817.72,659.0,3.8,7872.51,7,0
49,57939.33,26645.28,598.0,2.2,9560.82,14,0
25,80558.43,11913.21,603.0,3.7,9627.68,1,0
30,55389.16,1000.0,703.0,7.7,5382.09,6,0
48,30827.89,12850.34,726.0,3.9,5437.81,12,0
41,74758.2,21464.56,701.0,2.0,15348.15,14,0
27,50449.17,20186.89,703.0,2.1,3738.41,8,0
23,15000.0,9872.97,626.0,7.1,7103.83,6,0
40,61499.69,7180.15,606.0,0.3,6039.98,4,0
39,65015.43,4070.58,662.0,1.6,10761.67,11,0
55,38141.24,14817.89,643.0,0.8,21802.44,8,1
24,51159.08,16207.97,570.0,14.5,6863.39,8,0
25,68154.34,20671.69,647.0,0.5,0.0,14,0
21,61635.7,13807.73,705.0,7.1,8637.14,14,0
24,23746.86,13570.66,619.0,5.0,2162.99,6,0
32,80071.0,12772.06,777.0,5.0,9541.91,8,0
47,89126.61,16221.61,550.0,7.2,3428.14,12,0
62,44796.32,13930.68,584.0,2.6,8978.48,6,0
43,16802.57,22512.7,604.0,2.6,838.05,4,1
45,70422.26,17486.76,716.0,1.7,6405.14,11,0
41,41538.15,15864.02,667.0,4.6,2042.65,12,0
44,65708.98,14666.14,579.0,13.3,15519.45,6,0
45,99043.41,7465.4,500.0,12.9,3654.84,9,0
52,24073.85,14994.78,555.0,6.1,11326.6,8,1
52,39067.58,9827.77,510.0,11.8,9074.36,14,0
25,51110.41,17772.41,720.0,16.6,9193.48,7,0
56,80833.57,13329.13,565.0,7.9,10238.0,5,0
62,126112.34,28314.52,704.0,2.6,11617.9,13,0
62,59941.7,4904.39,694.0,3.3,15837.1,7,0
59,22355.55,1000.0,745.0,13.4,13600.03,1,0
36,48089.57,17141.3,593.0,5.5,17156.27,8,1
53,39502.73,9854.03,682.0,8.6,1615.88,5,0
41,69431.71,16288.48,660.0,0.6,0.0,7,0
29,62537.69,5114.9,660.0,1.1,17943.05,7,0
26,34163.73,30271.68,648.0,2.1,11374.93,8,0
55,38330.29,11907.91,717.0,1.0,1615.91,7,0
59,47798.86,9336.44,709.0,11.8,6322.72,6,0
42,50212.83,30123.94,650.0,1.2,11222.14,12,0
61,54156.22,21722.75,613.0,4.1,7717.69,6,0
25,55977.46,26116.09,604.0,0.4,11674.5,5,1
62,79697.01,13622.59,653.0,0.8,952.35,5,0
43,47075.78,15375.28,668.0,1.4,7819.0,4,0
37,44128.66,10226.19,643.0,20.3,8705.72,7,0
32,28224.52,9292.22,547.0,8.0,3759.81,13,0
43,50522.82,18185.91,626.0,5.6,6300.1,12,0
36,60123.92,12052.38,608.0,12.4,5220.14,11,0
23,20518.07,32766.55,651.0,15.6,1343.68,14,1
50,48151.43,21740.2,850.0,3.0,4295.37,3,0
42,78205.88,30066.09,684.0,2.0,9145.82,5,0
29,67966.12,1000.0,751.0,1.9,2152.7,3,0
49,62468.66,30163.37,595.0,0.2,3950.69,8,0
57,67424.25,1000.0,652.0,1.6,0.0,5,0
43,43525.91,4912.71,748.0,2.2,16641.78,11,0
33,40861.6,1000.0,524.0,0.2,13556.13,13,0
52,80438.18,16944.39,631.0,10.7,15228.62,10,0
43,71572.79,14854.42,700.0,9.4,10166.4,6,0
37,40074.54,21359.35,644.0,1.4,9766.64,1,0
60,17425.52,14292.29,605.0,8.1,6733.04,14,1
41,40489.69,24800.8,609.0,8.0,15801.57,11,0
22,65870.68,7538.45,675.0,2.0,8141.58,4,0
57,41834.8,24985.3,524.0,6.0,0.0,9,1
26,61601.36,14754.07,660.0,1.7,0.0,5,0
64,83395.41,33846.88,708.0,0.4,10180.66,1,0
38,53139.46,21975.26,621.0,3.5,2242.45,4,1
50,59679.2,12570.71,525.0,2.9,8584.29,12,0
42,68698.08,14727.42,609.0,0.7,12553.31,6,0
53,33358.31,6927.07,640.0,3.4,3022.72,7,0
50,39539.02,17874.88,564.0,14.9,6202.48,7,0
37,69523.22,12566.43,652.0,6.6,6420.57,8,0
63,55739.35,20793.35,664.0,6.7,2800.37,5,0
52,57435.17,4296.01,746.0,7.1,0.0,6,0
62,55665.72,12362.62,637.0,6.8,1445.58,11,0
34,74565.88,5723.83,659.0,0.1,0.0,11,0
30,63714.25,6221.27,606.0,12.9,6933.7,2,0
56,63976.4,19848.4,612.0,8.9,6852.49,14,0
54,79443.96,23996.05,706.0,1.6,4838.82,12,0
29,87131.48,1000.0,631.0,4.0,0.0,10,0
62,99871.83,29895.0,716.0,4.8,14632.02,12,0
48,43419.73,26232.7,646.0,0.7,4264.37,2,1
31,104388.15,4226.59,558.0,1.5,23399.67,14,0
34,33064.54,21614.75,595.0,0.1,13191.04,3,0
59,93704.95,11318.51,843.0,10.0,0.0,4,0
39,42320.8,14215.2,642.0,0.1,15406.61,6,0
35,53621.2,19816.44,521.0,1.9,3785.3,6,0
48,55371.52,18839.97,559.0,0.4,2438.43,3,0
44,37660.59,10416.03,593.0,7.6,6367.64,1,0
28,56734.37,10382.14,579.0,13.0,14802.79,3,0
63,38693.24,10854.19,562.0,4.1,11140.3,4,0
29,30301.13,24142.62,767.0,0.8,9094.84,9,0
53,54225.53,1000.0,703.0,4.1,3068.69,10,0
53,86797.54,13704.69,634.0,7.4,13658.73,8,0
39,49919.61,27580.38,603.0,6.3,2095.64,13,0
23,73820.42,20629.63,637.0,6.8,14257.33,4,0
30,38086.67,23407.71,792.0,1.6,9998.87,7,1
60,29330.48,13815.53,581.0,0.4,4425.79,13,0
62,64077.2,5691.49,524.0,0.8,20753.1,13,0
21,90112.25,15445.5,703.0,15.6,13472.33,9,0
49,59179.09,9488.52,731.0,4.8,11351.81,2,0
54,71532.95,32845.49,766.0,6.5,8620.03,3,0
33,84902.49,13734.59,622.0,11.5,1137.52,1,0
21,54269.39,20099.67,623.0,9.6,8226.91,8,0
54,51958.73,28619.14,811.0,1.2,17625.35,2,0
49,64441.77,6226.01,698.0,0.3,0.0,7,0
33,68000.38,1000.0,643.0,13.0,11403.7,7,0
49,27020.5,18920.11,690.0,20.0,16365.84,11,0
59,60914.51,20426.62,615.0,4.2,16665.97,3,0
44,54986.37,11687.23,674.0,11.0,2599.47,2,0
46,39209.62,5749.97,673.0,1.3,4730.58,3,0
37,53603.79,17478.55,717.0,0.6,8605.54,12,0
27,31693.5,14810.03,571.0,3.5,10723.08,8,0
33,24781.45,17577.61,678.0,8.3,15690.36,12,0
25,56336.96,5936.35,557.0,5.3,6793.18,9,0
46,73041.54,17598.36,800.0,5.1,13673.83,11,0
23,48054.19,21556.28,616.0,0.1,0.0,8,0
27,35785.41,2952.9,518.0,1.9,6404.06,11,0
59,38894.02,26683.33,850.0,14.0,13668.14,2,0
21,65978.89,17035.94,608.0,0.7,13000.98,12,0
37,88347.7,21807.56,658.0,6.5,2250.45,13,0
63,70409.12,4768.55,514.0,7.1,14159.02,9,0
45,81015.84,20460.68,646.0,6.6,0.0,6,0
23,34047.53,1842.87,784.0,22.7,15178.67,12,0
35,53521.4,7414.03,706.0,2.6,6774.0,2,0
49,75373.82,17106.94,514.0,5.7,5292.0,9,0
63,27016.45,12792.4,589.0,1.1,6211.61,5,0
52,41832.54,15219.98,723.0,2.6,10274.24,6,0
46,73840.38,30419.09,701.0,3.4,20482.24,1,0
36,60168.52,15094.51,611.0,1.2,15308.61,12,1
45,35697.78,20677.61,682.0,11.9,1116.96,13,0
48,22383.57,14465.87,554.0,6.3,1752.16,14,0
29,81746.3,14228.92,545.0,1.7,0.0,2,0
21,15000.0,7173.86,451.0,0.7,9853.21,1,1
49,67647.9,17944.98,724.0,1.7,6982.77,4,0
42,44339.11,35283.84,642.0,4.9,11764.25,2,0
36,75941.37,15702.9,650.0,8.8,4994.04,13,0
61,34157.03,12863.94,404.0,3.5,5621.06,1,0
64,107295.98,24121.12,646.0,0.5,0.0,3,0
61,63045.98,23182.42,694.0,1.4,14620.1,4,0
27,66341.38,18512.46,483.0,2.1,4388.27,4,0
34,39539.06,12533.05,654.0,5.1,2986.33,3,0
49,52332.39,24155.42,645.0,1.4,13799.43,2,0
39,52851.02,15967.44,613.0,1.3,0.0,12,0
39,90921.37,22310.08,755.0,1.7,11298.17,8,0
22,63011.54,8445.62,735.0,4.5,3391.16,10,0
61,65876.59,10306.32,850.0,3.4,7304.47,13,0
35,65652.98,15775.04,553.0,9.2,0.0,11,0
23,67572.22,5118.34,684.0,6.0,11465.12,2,0
31,27210.93,12040.79,770.0,5.5,20300.18,5,0
50,95985.36,4763.69,595.0,0.8,421.95,7,0
60,37450.23,2641.98,785.0,0.3,14930.01,9,0
38,54231.91,34487.94,679.0,3.6,7716.16,12,0
22,85629.66,10128.2,510.0,0.4,11207.62,3,0
52,93692.51,10831.74,547.0,2.3,919.79,1,0
28,71119.08,15641.75,604.0,0.1,1807.9,9,0
42,44906.11,6506.1,643.0,1.0,8524.76,1,0
26,57554.69,10986.66,749.0,0.6,6701.48,8,0
32,58339.35,29675.27,643.0,8.1,8894.42,2,0
60,59047.81,17864.8,746.0,2.1,0.0,7,0
56,30398.94,22888.65,659.0,0.4,11662.54,12,1
35,80202.19,27588.74,651.0,1.5,10330.14,3,0
48,57691.78,16685.2,627.0,5.7,14635.42,6,0
38,40555.62,13230.04,729.0,6.8,9899.08,6,0
22,45032.14,3529.16,660.0,0.6,21534.17,4,0
33,60397.0,11936.85,591.0,7.5,20045.44,8,0
35,26941.87,13700.02,677.0,2.3,8103.29,12,0
40,72568.7,8541.78,613.0,5.7,7866.29,12,0
49,59694.61,27361.8,609.0,5.6,3019.56,5,0
62,86313.79,23818.36,745.0,7.9,0.0,7,0
49,56551.67,22884.34,637.0,6.0,6632.89,13,0
23,33294.64,14070.38,821.0,0.2,4136.42,5,0
39,31043.94,6735.75,709.0,3.7,3287.47,13,0
23,47185.89,25624.01,589.0,0.9,10108.32,12,0
34,49301.9,17682.89,583.0,17.5,0.0,4,0
60,43654.77,21184.66,551.0,1.5,904.99,6,0
24,57569.61,19953.98,698.0,2.7,0.0,3,0
31,43147.13,17485.02,581.0,1.1,0.0,6,0
51,60084.12,30996.93,469.0,0.7,4376.66,6,0
63,44587.03,9740.85,518.0,4.6,12848.46,11,0
52,67634.07,12528.56,562.0,3.4,19596.79,11,0
47,48798.02,28129.27,677.0,2.3,0.0,6,0
50,79924.13,15656.51,643.0,0.4,13262.62,14,0
63,68045.89,13992.53,725.0,6.7,2220.21,14,0
22,58871.71,12975.94,577.0,0.0,8980.08,11,0
29,50846.45,20434.42,624.0,3.1,11460.74,3,0
48,24619.81,13165.72,790.0,5.0,16433.12,13,0
51,83270.99,12267.57,623.0,2.8,22375.55,8,0
54,41384.46,20302.52,668.0,0.7,14255.77,4,1
35,56814.64,15746.06,597.0,7.5,5150.07,11,0
45,61876.09,6924.42,632.0,2.0,0.0,2,0
56,51329.77,15256.13,688.0,0.7,9394.37,7,0
28,82092.02,26156.25,703.0,4.0,11875.28,11,0
29,30572.58,21122.45,659.0,0.1,1071.05,8,0
57,89678.7,27143.84,629.0,2.0,12654.45,11,0
59,68431.15,9149.6,660.0,6.9,5432.66,4,0
52,50071.59,23561.84,591.0,12.2,1217.14,6,0
37,50295.4,9811.87,633.0,4.5,8820.98,8,0
55,15000.0,5140.86,677.0,1.2,2584.4,5,0
57,38035.34,8575.49,729.0,1.2,1062.82,9,0
39,47921.92,16051.28,577.0,4.6,9722.33,6,0
64,58522.1,23223.61,636.0,2.6,10491.91,6,0
49,80191.62,17483.33,570.0,1.0,5808.0,12,0
27,95750.91,13773.75,614.0,7.7,9648.22,13,0
48,60445.34,6742.31,730.0,1.1,14849.95,2,0
29,59112.19,20642.65,607.0,1.9,12992.97,7,0
48,45192.96,22708.98,642.0,0.3,3043.23,9,0
26,20698.0,17386.27,551.0,6.0,8167.66,5,0
49,42884.27,6581.45,605.0,1.6,3806.06,14,0
37,50889.98,21469.67,526.0,1.3,0.0,5,0
36,74507.89,24817.96,672.0,1.8,11856.08,12,0
43,65390.29,27264.13,679.0,10.4,14016.11,13,0
51,59430.9,11498.42,677.0,3.6,5155.36,11,0
23,43384.0,18490.44,682.0,0.9,9408.93,5,0
41,15357.67,10723.75,677.0,7.4,17283.08,1,1
46,16564.88,7621.11,528.0,1.2,14149.94,5,1
56,21725.27,27665.63,587.0,2.7,4482.15,10,1
62,49159.87,19516.54,471.0,4.2,7522.15,8,1
57,74880.89,25341.98,613.0,4.4,3751.37,3,0
42,74341.31,5201.4,580.0,0.4,9375.16,9,0
62,70874.32,17307.35,647.0,9.1,8242.8,9,0
32,44698.09,19066.39,847.0,3.3,1082.69,6,0
62,77885.26,8342.57,713.0,22.7,5264.33,4,0
33,36378.59,26902.71,772.0,6.3,0.0,4,0
31,72067.87,13035.84,716.0,24.5,1766.74,11,0
36,21508.47,18629.08,642.0,3.0,10476.43,1,1
28,31457.76,10597.93,649.0,0.8,8859.63,14,0
60,88052.3,5444.74,719.0,6.5,13681.05,10,0
60,50923.31,22304.48,670.0,7.5,8316.36,5,1
22,41380.6,18032.57,627.0,9.6,6822.98,5,0
50,77055.17,16898.01,764.0,1.8,19147.42,5,0
50,79347.43,12774.65,686.0,3.6,5964.38,12,0
32,46334.38,17814.64,536.0,9.7,5689.02,1,1
30,60569.27,25129.9,636.0,10.0,8297.65,1,0
64,57738.15,9529.52,654.0,0.1,3333.19,10,0
31,15000.0,19482.18,618.0,5.6,9542.32,12,1
35,27082.8,16619.92,619.0,4.6,3653.78,2,1
36,73845.09,13524.68,617.0,0.4,5412.1,1,0
37,38347.92,1835.55,507.0,13.3,3528.23,13,0
46,65596.76,14904.06,493.0,2.9,0.0,8,0
22,60260.81,20381.51,598.0,5.6,0.0,12,0
32,79308.66,17591.78,618.0,10.7,0.0,12,0
46,27724.17,3490.61,543.0,0.7,14846.54,4,0
43,62884.12,24976.44,568.0,9.7,8450.85,6,0
38,53691.71,28183.36,630.0,6.4,5119.12,8,0
52,39204.51,14124.02,732.0,9.2,1762.44,14,0
58,39064.07,33488.61,727.0,3.4,15566.38,5,1
23,59549.62,8363.6,730.0,0.2,4149.92,6,0
58,67593.4,4823.21,569.0,5.6,2929.37,4,0
23,56271.93,6881.43,632.0,2.3,0.0,6,0
50,56894.29,16961.11,749.0,2.6,0.0,6,0
21,45030.11,1000.0,509.0,2.9,10768.3,3,0
50,46356.28,12512.7,613.0,3.4,18117.96,4,1
52,39150.59,38476.4,668.0,5.4,9778.46,6,1
48,44627.97,2969.4,514.0,6.5,9699.01,8,0
41,66893.51,10623.12,684.0,7.5,18778.49,13,0
33,69128.11,6711.45,774.0,5.6,11005.08,14,0
47,29482.49,12721.46,748.0,8.1,7953.52,14,0
56,37071.27,12214.74,636.0,0.7,11356.93,7,0
27,40792.04,9643.51,715.0,9.1,13417.31,4,0
42,53719.26,13749.56,513.0,2.4,11056.9,14,0
30,21336.94,20065.64,672.0,3.8,5086.33,3,0
59,37421.86,26082.77,626.0,2.8,10439.04,11,0
35,27288.37,12724.6,638.0,3.2,3842.27,8,0
35,63009.64,15046.28,658.0,1.7,7813.89,6,1
24,54406.5,18706.05,681.0,0.9,10383.57,12,0
52,45749.05,5113.77,534.0,0.6,19032.87,8,0
43,33734.45,13778.79,572.0,3.0,10632.09,9,0
26,46058.07,10955.76,629.0,0.7,8098.46,9,0
44,43706.16,22615.46,508.0,1.4,5597.22,10,0
40,87693.33,29014.6,661.0,0.7,4495.96,11,0
57,74940.39,8783.5,717.0,0.6,5679.53,9,0
40,41185.84,25239.92,761.0,10.7,8241.23,10,0
32,58303.91,3333.02,658.0,5.6,13494.99,1,0
53,73884.17,16605.39,801.0,12.9,353.94,12,0
48,41179.72,17079.97,647.0,5.2,12596.66,14,0
28,26657.79,3128.68,549.0,9.3,4608.51,3,0
21,19062.83,8372.59,646.0,4.1,3793.74,9,0
57,80445.34,7594.23,634.0,3.1,11064.22,4,0
42,51178.75,4508.81,691.0,3.8,5749.49,10,0
26,60826.5,1000.0,672.0,1.9,10858.59,12,0
41,43515.25,13342.0,666.0,5.4,10328.61,2,0
52,29642.02,14305.81,727.0,11.4,12834.73,1,0
55,33373.98,14243.0,616.0,7.6,15910.41,14,1
35,28179.3,21125.65,693.0,3.1,0.0,5,0
25,71999.89,1000.0,672.0,15.4,9226.64,14,0
26,84851.22,11951.6,659.0,21.1,3561.43,4,0
45,55744.88,35479.82,645.0,3.4,10508.2,5,0
60,24644.02,22094.05,548.0,10.0,0.0,11,0
49,64931.68,22139.71,630.0,0.0,8306.13,5,0
27,80299.69,6867.24,635.0,0.3,0.0,8,0
60,74433.34,13432.77,592.0,0.1,8260.78,6,0
33,54417.38,1000.0,541.0,7.4,8033.52,3,0
58,50310.36,19683.86,605.0,0.4,3964.7,9,0
38,54256.67,26202.39,612.0,0.1,5636.75,8,1
22,79504.98,3401.62,543.0,0.8,5780.95,9,0
28,70207.31,5728.93,543.0,1.8,0.0,4,0
31,47284.86,14743.78,483.0,3.1,221.29,13,0
53,46781.69,16226.35,674.0,0.3,9128.88,8,0
58,45366.1,10666.2,728.0,3.5,14408.88,11,0
47,33707.35,8477.04,651.0,1.4,12720.49,3,0
40,82036.76,8562.74,618.0,1.6,0.0,5,0
32,39243.53,14607.75,539.0,8.6,15440.11,14,1
63,64805.52,19689.1,474.0,21.7,15806.11,7,0
51,41771.45,14605.58,647.0,3.1,3518.0,1,0
47,45455.52,13841.12,699.0,1.9,3633.55,14,0
52,52722.38,1000.0,583.0,13.4,4893.93,1,0
30,65904.85,21936.47,734.0,3.5,9990.46,3,0
23,49815.52,14588.88,595.0,6.6,6179.27,4,0
47,32215.9,11506.99,737.0,2.7,10334.69,1,0
55,55381.63,17041.11,588.0,1.1,186.26,8,0
51,39666.56,8249.52,437.0,5.3,1569.46,2,0
35,85876.77,11673.13,700.0,5.5,2746.42,11,0
36,49801.11,15860.7,576.0,3.1,3098.93,5,0
33,41640.61,9571.56,527.0,1.6,10564.26,13,0
55,94496.02,1834.6,689.0,8.9,9474.54,14,0
31,69777.79,1000.0,579.0,1.6,11950.08,6,0
41,37064.52,18565.86,537.0,5.4,14489.92,11,0
31,39181.72,14751.13,755.0,2.4,10366.17,6,0
50,64483.66,14468.24,634.0,3.2,0.0,6,0
55,55869.53,5705.58,535.0,1.2,5492.88,11,0
42,72803.51,14835.61,613.0,5.2,6302.53,1,0
58,41746.47,11796.36,821.0,1.3,9547.16,3,0
51,69022.18,10199.5,659.0,3.3,2338.71,3,0
34,15000.0,14399.59,599.0,2.0,16879.9,8,1
44,51911.16,17371.45,690.0,16.6,5591.93,6,0
52,42656.42,28999.22,614.0,20.1,6015.29,2,0
56,45899.07,19522.35,609.0,7.0,6826.58,13,0
52,52942.51,21860.5,597.0,20.7,4907.08,14,0
35,77770.07,23837.24,718.0,0.6,0.0,1,0
63,31919.2,8887.82,666.0,24.3,15446.51,4,0
55,15000.0,12432.92,764.0,0.5,4191.72,1,0
23,34238.93,7760.72,675.0,2.7,11779.02,5,0
36,75448.72,9545.42,772.0,1.4,5447.77,12,0
25,22100.17,11574.06,702.0,15.4,4225.23,11,0
41,43561.05,9354.76,629.0,5.1,530.24,8,0
30,71791.55,16792.82,639.0,4.5,0.0,10,0
39,53831.43,18462.75,796.0,29.8,5327.99,2,0
45,77574.13,4550.86,754.0,4.7,5073.79,8,0
24,15000.0,12503.35,774.0,5.2,16617.34,13,1
49,48567.82,12590.95,569.0,0.2,8430.69,8,0
39,81743.54,3220.75,500.0,9.8,14849.24,6,0
63,32462.37,8870.84,583.0,17.5,0.0,8,0
22,75696.2,21987.62,663.0,16.1,8311.08,13,0
30,50286.19,21884.62,598.0,1.2,11304.23,2,0
63,63682.59,1966.48,652.0,1.3,8673.49,7,0
45,80293.14,18777.03,614.0,2.3,8900.92,12,0
40,63596.72,3237.7,509.0,1.9,6503.36,8,0
39,43175.01,11788.14,684.0,1.8,833.98,4,0
43,66241.26,14221.45,652.0,4.6,0.0,14,0
44,41764.0,21022.2,756.0,8.2,12240.03,9,0
31,60467.34,13603.3,663.0,13.8,4036.3,11,0
54,29963.14,6889.1,713.0,0.4,5441.97,6,0
48,55581.89,5528.47,584.0,1.6,4035.06,12,0
25,78785.86,16343.91,678.0,1.5,2639.39,3,0
25,49024.61,9929.6,715.0,2.2,0.0,13,0
41,76873.81,11730.45,695.0,2.8,17216.26,4,0
32,116868.59,22763.72,632.0,2.5,0.0,12,0
24,54421.05,18479.18,678.0,15.2,12127.2,4,0
62,67283.84,27695.17,700.0,2.9,14533.23,1,0
40,64537.25,6854.42,746.0,4.0,8848.7,14,0
58,59502.07,9326.47,605.0,6.9,6950.12,13,0
45,70757.92,16469.5,561.0,6.5,9397.51,10,0
34,50038.1,29550.38,583.0,4.4,5605.43,1,0
31,41749.12,8641.08,662.0,9.9,13895.75,1,0
52,24473.54,15307.29,650.0,4.9,14717.06,4,0
31,48144.83,25569.84,700.0,10.4,11254.15,1,0
38,73028.68,15399.37,716.0,1.8,0.0,14,0
47,36204.06,23160.03,499.0,0.7,12050.59,6,0
38,59933.56,30659.92,612.0,8.6,15700.63,14,0
43,52537.8,17360.99,667.0,2.4,11649.35,2,0
31,42585.64,18667.84,739.0,5.3,13910.71,1,0
41,17939.19,20943.56,646.0,6.7,3623.94,7,0
64,82257.09,7765.03,759.0,2.0,5155.1,6,0
25,65343.81,3147.47,694.0,3.5,15861.88,1,0
43,108305.76,16267.62,680.0,11.3,11994.49,12,0
61,76588.26,9998.96,641.0,10.6,6516.67,13,0
45,81810.88,23422.07,648.0,6.9,6368.44,14,0
61,20012.93,17514.38,676.0,7.2,8116.41,10,0
30,19663.29,23286.49,634.0,11.4,6210.91,12,1
42,55846.24,5386.81,739.0,6.7,8033.8,9,0
39,32037.69,23012.29,720.0,2.1,26859.57,6,1
21,41374.26,1000.0,746.0,0.6,3777.49,2,0
27,105525.28,6043.12,567.0,2.7,0.0,7,0
24,78797.52,20057.91,564.0,0.5,4024.47,3,0
21,36286.89,10979.51,689.0,0.6,11326.28,14,0
35,15000.0,11749.59,644.0,15.0,11611.0,7,1
60,34601.25,15857.87,671.0,5.6,1545.8,14,0
32,43856.11,26375.64,561.0,9.5,5740.22,9,0
42,48574.73,1000.0,533.0,5.1,13194.74,5,0
42,29419.07,24989.65,669.0,2.7,7355.08,1,0
37,77597.01,25459.68,589.0,0.1,1855.56,5,0
49,40770.78,10965.01,707.0,15.6,3117.49,8,0
34,67971.55,9440.92,601.0,0.4,16447.99,8,0
40,56077.75,14056.23,579.0,4.7,5278.17,3,0
53,73769.54,9270.63,469.0,0.5,8316.09,4,1
63,50241.59,17758.21,750.0,1.7,0.0,12,0
35,36500.27,18800.1,706.0,1.0,6577.86,8,0
32,43028.26,2568.72,530.0,4.0,24943.87,8,1
60,43310.3,7637.15,490.0,10.9,18736.24,7,0
40,96291.01,5518.89,602.0,5.0,9525.16,6,0
50,56530.11,16717.5,726.0,5.5,17691.1,4,0
58,55092.66,21978.66,608.0,12.0,11620.65,10,0
23,72640.53,6412.52,633.0,6.9,21955.36,13,0
48,54998.6,21922.21,729.0,10.0,12002.25,9,0
46,77433.53,7601.6,571.0,2.7,16039.91,2,0
50,47558.44,20748.98,595.0,10.0,0.0,2,0
33,45527.2,12730.15,668.0,5.2,10316.63,1,0
33,35394.53,11466.39,628.0,0.7,4320.51,11,0
22,92000.95,24139.6,580.0,0.2,11366.27,12,0
57,53603.5,29301.53,707.0,1.4,11136.06,3,0
58,31519.15,1000.0,691.0,2.4,16302.4,3,0
22,58936.54,19795.49,717.0,9.1,14268.75,4,0
56,41998.92,16418.67,638.0,6.8,0.0,3,0
46,47207.98,20263.06,509.0,15.5,0.0,10,0
31,61215.07,3491.89,651.0,4.1,6769.45,6,0
28,85419.7,6325.43,556.0,6.9,12505.62,9,0
64,57031.71,9628.56,488.0,1.6,11805.02,8,0
60,40779.26,16704.53,628.0,5.7,8403.07,6,1
63,44901.7,9138.77,658.0,6.1,11685.11,8,0
42,68128.94,12415.82,778.0,9.4,12934.17,8,0
40,15833.18,21644.22,554.0,3.8,8409.43,10,1
28,34146.35,31390.51,704.0,5.2,11730.0,6,0
49,59252.92,21073.6,522.0,1.1,12259.95,2,1
60,20866.61,21875.16,752.0,6.7,7790.67,5,0
46,48749.64,13545.19,594.0,9.1,16876.15,4,0
50,45434.7,7875.17,623.0,4.5,809.18,12,0
37,72548.97,12392.34,624.0,0.6,17902.63,6,0
40,49994.35,14536.78,711.0,1.9,14270.69,2,0
36,78733.83,5718.9,534.0,3.2,20955.69,4,0
63,56577.46,21520.97,636.0,5.7,0.0,13,0
27,90529.02,27155.6,599.0,1.9,5892.32,8,0
36,27250.22,15979.38,826.0,9.2,10893.56,14,1
47,87342.54,23672.59,563.0,2.3,9548.91,1,0
43,46777.46,24667.46,443.0,0.2,5408.1,3,1
44,84478.99,6722.8,786.0,7.9,9841.55,4,0
29,78704.69,1097.55,689.0,5.2,15475.28,2,0
55,15000.0,11007.87,587.0,8.1,8845.9,12,0
40,64583.36,15767.06,647.0,2.1,0.0,2,0
57,74952.4,5430.95,586.0,0.1,20328.76,6,0
62,81571.85,26377.79,493.0,0.4,2246.92,6,0
37,31467.26,30590.41,637.0,0.6,691.9,3,0
51,66806.86,16433.58,636.0,8.2,3647.07,8,0
28,58901.47,7145.62,677.0,1.8,4311.31,12,0
35,63628.18,18890.36,572.0,30.8,9653.77,3,0
51,74978.73,7120.48,588.0,7.1,23659.65,2,0
50,78134.2,24144.75,620.0,4.6,2629.88,5,0
40,41885.14,13148.55,572.0,20.6,14565.73,13,0
59,60308.39,20818.02,741.0,1.9,19706.34,7,0
32,55822.71,22215.18,718.0,0.9,5457.42,1,0
37,50212.95,19303.66,609.0,6.7,7402.14,2,0
62,52124.5,29282.25,693.0,1.6,9832.54,2,0
50,58919.74,16426.18,551.0,16.2,5261.41,8,0
49,42960.37,10974.44,613.0,22.1,0.0,10,0
39,72660.74,1000.0,767.0,13.0,16113.57,6,0
31,80386.17,1000.0,702.0,14.5,8948.79,14,0
54,38588.47,20216.3,673.0,4.8,4614.16,13,0
27,81366.6,13529.25,621.0,5.9,7738.05,13,0
64,38626.13,8476.83,647.0,0.5,6105.2,13,0
54,72955.74,6088.76,533.0,7.2,11554.84,4,0
40,81329.58,20927.63,624.0,1.1,2604.99,4,0
58,53109.79,7131.72,680.0,9.2,5734.88,5,0
44,38790.05,28045.29,648.0,16.3,8866.82,3,1
30,43226.34,33807.89,648.0,1.2,0.0,12,0
52,62237.14,7799.71,598.0,0.4,6524.54,14,0
35,94293.09,20358.6,577.0,3.3,3874.92,4,0
57,21145.34,18520.17,570.0,7.8,11650.69,12,0
40,57004.84,7098.81,630.0,7.4,9482.08,4,0
23,53238.56,7144.1,709.0,6.0,15610.59,7,0
57,45869.56,14019.27,581.0,8.6,0.0,7,0
60,53384.36,5892.88,653.0,1.0,4298.52,1,0
28,44156.06,23730.06,651.0,5.3,9173.29,12,0
60,79863.11,13031.12,724.0,4.7,15751.96,3,0
64,81849.88,6034.97,651.0,0.8,1362.07,9,0
43,56762.71,14288.09,531.0,2.7,3178.62,6,0
60,52177.1,18731.39,820.0,9.6,15887.73,6,0
31,45139.27,9204.42,728.0,17.8,21824.51,4,0
28,56805.63,1000.0,689.0,5.5,18235.63,10,0
49,91956.62,16010.94,604.0,12.8,18294.62,9,0
50,52925.32,5264.0,624.0,0.7,10586.71,14,0
30,38211.35,8650.01,536.0,18.5,8794.43,12,0
59,47044.76,18752.84,623.0,0.2,19410.55,3,0
48,70069.4,10296.81,664.0,3.7,6044.22,8,0
56,40645.27,13871.11,648.0,1.7,1937.94,13,0
33,54325.88,26624.41,790.0,8.4,9700.3,6,0
52,64457.66,12183.7,704.0,1.2,5835.92,12,0
56,42162.74,31170.53,728.0,0.1,3389.62,2,0
57,19711.89,20919.32,693.0,2.7,13103.77,3,1
46,33572.29,7549.01,663.0,0.3,6499.5,14,0
42,37824.67,11189.17,686.0,1.7,9107.27,1,0
24,50423.45,4898.86,491.0,5.2,11246.92,3,0
51,55885.99,20099.65,629.0,1.7,0.0,4,0
38,71474.03,25596.12,538.0,1.4,15436.2,14,0
58,30454.88,12132.85,556.0,0.8,21805.62,6,1
44,68565.74,1000.0,745.0,0.7,15684.0,10,0
43,47581.53,17883.76,564.0,3.7,0.0,14,0
42,19289.05,8104.14,544.0,5.7,9352.63,7,0
22,55271.47,9314.65,681.0,3.0,0.0,3,0
51,81325.35,17492.22,645.0,0.7,15162.27,14,0
31,72662.29,24855.87,686.0,5.2,15183.99,11,0
48,53474.59,20916.01,790.0,4.1,10235.66,13,0
52,77515.41,18436.01,696.0,2.4,0.0,7,0
25,58844.45,13741.98,526.0,2.0,8062.33,13,0
58,74623.78,4436.51,725.0,1.0,1274.08,4,0
30,21767.95,17783.54,632.0,0.8,8831.93,1,0
60,30006.54,20741.84,663.0,2.1,7913.38,1,1
44,69580.72,10239.34,518.0,0.2,14255.7,8,0
55,85785.65,12069.09,690.0,2.9,7051.03,10,0
64,63345.91,23880.42,546.0,4.6,18035.61,7,0
43,45053.26,11860.2,693.0,14.2,10385.37,4,0
37,37989.68,12835.51,592.0,4.9,4849.25,1,0
21,48693.7,14292.8,708.0,4.9,7475.87,6,0
51,79272.74,20324.46,546.0,2.3,15725.34,11,0
51,48149.46,17346.65,525.0,0.7,16521.56,12,0
62,75955.22,16754.1,607.0,3.0,0.0,11,0
62,68051.46,27142.95,671.0,4.6,827.63,10,0
54,89278.52,11723.85,558.0,6.4,4236.39,7,0
29,59005.24,7395.73,666.0,8.7,16437.93,6,0
42,54008.07,23176.78,720.0,1.5,15545.22,12,0
33,76953.44,16847.45,544.0,1.4,14027.37,6,0
45,36294.74,10286.03,666.0,4.2,14812.62,8,0
38,46119.66,12121.08,693.0,4.2,18276.72,14,0
32,21399.91,4808.56,635.0,1.2,11358.46,6,0
60,29913.51,16853.44,643.0,4.4,14534.56,2,0
37,93467.44,3308.63,537.0,2.1,10592.1,7,0
35,68846.29,20456.22,685.0,5.1,14337.46,13,0
62,27585.97,10820.79,655.0,1.7,5092.17,10,0
35,78896.58,3847.75,662.0,4.5,2795.99,14,0
35,40926.05,23777.99,815.0,7.3,4044.47,13,0
59,67819.01,33051.16,633.0,19.6,6347.55,4,0
33,67520.27,18498.56,676.0,12.1,12893.44,11,0
37,88299.81,12716.63,753.0,3.5,17894.11,11,0
52,44245.4,7319.45,646.0,3.4,4369.08,3,0
29,40195.41,17094.68,593.0,2.9,23170.01,8,0
60,15000.0,20093.86,682.0,0.1,6664.62,10,1
40,52564.54,15055.15,595.0,0.9,8117.07,12,0
46,69506.6,22163.5,746.0,0.3,9719.24,12,0
47,72239.48,27111.12,691.0,6.0,4214.15,5,0
41,80047.99,4922.49,581.0,2.7,4999.23,4,0
38,60796.11,17352.39,550.0,0.3,6174.44,11,0
33,65095.62,1000.0,663.0,5.9,952.91,4,0
36,56362.41,8487.61,670.0,5.2,3081.89,5,0
29,69149.1,20758.91,550.0,6.4,7536.48,12,0
32,36315.15,14625.56,713.0,4.6,5561.07,4,0
64,26830.7,2112.81,703.0,0.9,4108.57,3,0
58,38425.24,23399.29,677.0,0.3,14151.17,4,0
39,59272.47,10654.13,711.0,8.5,0.0,10,0
27,28991.51,21807.1,571.0,1.2,11510.99,13,1
55,42335.12,19101.46,575.0,3.9,8905.91,13,0
38,42974.11,8334.98,629.0,3.3,9699.8,5,0
36,70636.42,21951.25,599.0,12.7,633.29,12,0
59,68201.91,17548.93,690.0,4.0,4669.41,2,0
24,56409.72,16400.38,714.0,4.3,10350.46,7,0
45,64021.3,11254.79,594.0,1.9,4755.86,14,0
52,64415.81,6178.21,581.0,15.9,0.0,14,0
60,47727.61,11650.56,718.0,4.7,6384.67,5,0
33,44150.01,11476.41,571.0,0.0,6854.02,9,0
37,85733.73,21812.95,627.0,4.1,12375.5,14,0
57,15000.0,1808.12,569.0,2.3,14815.08,6,0
26,40173.93,26765.72,603.0,0.2,8828.41,11,0
39,50924.35,27204.76,529.0,2.8,10621.04,1,0
33,66199.03,9871.97,753.0,7.4,14333.93,9,0
46,77710.13,26212.59,731.0,3.5,6872.44,5,0
34,92134.63,6955.34,585.0,5.1,11249.28,9,0
51,53165.79,24017.0,687.0,5.1,0.0,1,0
24,54505.29,8442.73,535.0,5.6,4624.75,14,0
59,62252.2,23267.5,700.0,2.5,18285.0,2,0
28,44377.58,3500.85,579.0,2.3,14146.04,3,0
45,31315.25,23662.82,747.0,0.0,13014.64,12,0
33,53074.99,25308.64,691.0,0.8,2682.83,5,0
52,69907.45,3243.42,621.0,15.1,0.0,14,0
58,50141.53,29058.08,617.0,9.2,2249.13,6,0
58,63268.71,23147.97,662.0,1.6,8619.64,5,0
48,17623.65,1000.0,576.0,2.6,11186.97,1,0
50,55368.09,11080.32,740.0,14.1,17504.26,4,0
23,46931.07,23300.81,674.0,1.4,770.35,6,0
48,29497.52,20784.89,727.0,3.8,4599.53,4,0
23,68144.25,15894.3,454.0,0.1,17796.22,4,0
54,91912.91,22423.72,651.0,4.8,0.0,5,0
36,74799.18,8007.77,670.0,13.3,9316.34,8,0
42,76074.98,15378.9,650.0,10.8,0.0,5,0
52,69249.54,8235.35,652.0,3.5,5914.51,7,0
58,67929.03,16078.47,624.0,5.2,19797.1,8,1
28,19011.36,23008.25,831.0,4.2,11295.45,6,1
28,52440.98,21252.48,669.0,0.3,15948.6,6,0
26,65173.4,16783.12,660.0,0.9,11274.76,14,0
34,65628.1,22917.55,725.0,16.6,11173.09,2,0
52,80434.12,23705.42,605.0,1.5,0.0,13,0
55,34352.05,29378.58,547.0,2.4,20390.89,13,1
30,67145.43,24339.75,723.0,3.6,17782.53,10,0
23,33699.18,20251.38,623.0,19.3,3522.35,5,0
32,50766.01,22472.73,759.0,5.9,17188.74,1,0
51,53760.74,16948.48,754.0,5.0,14385.26,9,0
49,72251.42,12760.4,464.0,3.7,11922.98,7,0
25,69899.07,21940.87,656.0,6.0,9275.86,2,0
45,57406.61,21056.99,736.0,5.5,7396.26,6,0
61,15000.0,17335.64,510.0,11.7,18440.97,10,1
51,63896.67,13443.25,679.0,3.9,8809.57,9,0
41,49646.47,12999.57,703.0,2.7,10833.46,12,0
40,82836.12,11730.32,646.0,8.2,17942.01,5,0
59,78069.87,25045.66,646.0,8.0,14976.61,3,0
42,36239.54,24427.42,746.0,0.9,589.72,11,0
24,66643.48,24084.02,530.0,1.4,4493.54,10,0
33,67038.21,6585.13,716.0,15.9,3065.98,11,0
62,65583.67,12125.67,687.0,2.9,10670.37,4,0
40,62991.62,12940.87,754.0,3.7,5107.16,3,0
33,67603.09,10150.84,574.0,1.9,5707.72,1,0
37,85029.72,29900.76,768.0,3.3,6593.25,10,0
56,43972.39,18203.72,539.0,6.8,10225.66,14,0
53,36883.81,17628.87,624.0,3.3,6433.47,11,0
21,70654.3,11272.64,557.0,1.9,13810.12,13,0
35,17332.76,21896.74,708.0,0.5,1456.53,7,1
33,68080.48,32532.29,589.0,13.2,0.0,8,0
37,64538.78,15647.61,741.0,10.3,4085.46,2,0
44,15000.0,13131.88,515.0,7.8,1899.42,8,1
28,42273.27,14275.32,614.0,5.9,8334.38,12,0
47,86519.49,12423.58,793.0,3.6,5601.56,9,0
43,25856.47,14977.07,589.0,11.4,207.62,7,0
28,59251.83,10108.21,735.0,7.8,94.45,11,0
28,34901.89,7907.61,706.0,8.5,9097.39,1,0
46,40821.07,14830.09,545.0,1.9,13404.76,4,0
33,93326.38,15648.79,667.0,2.8,3765.61,7,0
59,57468.89,12815.08,772.0,6.1,7475.96,6,0
57,65339.01,26655.83,617.0,2.3,4147.23,11,0
48,52750.71,18323.93,595.0,3.4,7089.82,14,0
45,24697.33,20939.67,676.0,5.2,18573.36,8,1
36,31301.54,21152.18,633.0,2.9,22997.23,6,1
22,78568.61,15837.17,530.0,7.9,5322.06,10,0
38,58057.84,16749.21,632.0,0.6,4931.86,6,0
37,39594.23,8118.66,611.0,6.3,10592.79,10,0
50,54558.96,20247.86,639.0,0.8,8723.21,6,0
59,68231.96,12333.48,458.0,13.9,12087.42,7,0
33,64089.78,9881.99,679.0,1.9,7250.82,5,0
52,39604.22,25415.73,519.0,7.9,6907.53,12,0
49,23493.93,4342.07,710.0,3.7,10649.46,11,0
50,46859.07,28752.61,736.0,0.5,9453.02,9,0
38,77180.97,28119.45,491.0,4.4,5107.82,7,0
33,72087.54,13222.07,754.0,12.2,8743.35,1,0
63,63208.07,29281.59,641.0,0.9,8759.34,11,0
41,51582.39,7893.26,736.0,1.9,0.0,12,0
50,44665.06,22952.71,724.0,2.9,7657.4,12,0
41,51953.43,15134.4,534.0,1.6,13418.59,14,0
37,70635.43,1000.0,582.0,14.4,5368.5,9,0
60,75203.81,9951.91,779.0,2.4,3535.8,11,0
39,49764.26,13603.98,551.0,5.4,3558.93,6,0
35,105724.63,21232.05,679.0,1.3,9971.55,11,0
29,56848.08,11183.34,590.0,1.2,2079.65,8,0
30,48060.89,12814.84,578.0,1.0,9428.31,9,0
64,84513.39,19327.87,649.0,2.9,8953.69,11,0
51,15000.0,18904.77,825.0,3.8,0.0,11,0
43,64600.67,14266.2,711.0,0.1,13673.15,14,0
50,53544.03,12577.24,566.0,8.9,15509.95,2,0
53,83963.69,22514.45,666.0,3.6,9508.42,2,0
29,67098.47,12532.27,501.0,0.9,8231.8,5,0
21,57782.04,5484.91,470.0,0.3,4994.96,14,0
64,68252.68,11844.8,664.0,0.3,5225.83,5,0
55,33888.35,19374.53,707.0,1.5,5401.8,12,0
31,74336.4,13805.68,775.0,3.5,12459.89,10,0
54,28108.28,10977.89,680.0,9.8,11436.69,10,0
36,62169.95,4961.58,651.0,11.7,0.0,2,0
29,55712.29,13848.51,623.0,8.9,0.0,10,0
52,19738.91,16823.3,692.0,2.0,3029.97,4,0
35,56378.84,6940.92,553.0,1.8,5210.3,9,0
32,60639.74,13485.7,596.0,21.9,10586.71,4,0
53,41902.48,6248.83,555.0,5.7,4764.28,1,0
34,34751.56,13969.77,608.0,1.8,10513.74,5,0
28,64843.55,28803.96,592.0,2.0,17578.43,2,0
28,62246.3,16373.71,587.0,2.9,4504.98,14,0
47,59536.38,2347.41,599.0,4.9,2509.68,6,0
32,55176.84,17649.04,667.0,11.4,1237.78,1,0
21,43668.74,25494.51,752.0,1.1,1791.93,7,0
63,100443.63,3927.55,673.0,0.4,11326.14,7,0
60,49033.38,6636.05,604.0,2.6,12551.43,4,0
62,37697.73,17066.79,685.0,1.4,11760.22,9,1
31,56088.55,14303.08,659.0,4.3,1704.6,3,0
59,51381.18,24689.35,664.0,6.0,5699.31,5,0
63,48569.74,13554.9,648.0,1.9,5717.74,5,0
51,92485.52,21603.58,788.0,5.8,18298.66,8,0
37,32405.04,27224.83,658.0,2.1,9775.95,10,1
53,55748.74,8059.29,605.0,5.0,8662.56,10,0
52,33746.54,20981.38,588.0,5.0,9667.88,4,0
49,44179.5,11793.11,722.0,1.6,5423.34,1,0
41,89722.32,1000.0,555.0,5.0,10418.2,11,0
41,60628.9,18811.01,759.0,2.4,5129.31,5,0
